case,observation,value,known_phi,bandwidth
1,0,1.1142919749082618,-0.3,1
1,1,0.7478253436864407,-0.3,1
1,2,0.3514688057047252,-0.3,1
1,3,-1.4936625603152502,-0.3,1
1,4,2.5721816152893564,-0.3,1
1,5,-0.030532389516322755,-0.3,1
1,6,-0.2243951468833047,-0.3,1
1,7,-0.7076997223401108,-0.3,1
1,8,1.2764339522991557,-0.3,1
1,9,0.14837605579702173,-0.3,1
1,10,-1.566412119425059,-0.3,1
1,11,1.9737629145745266,-0.3,1
1,12,-2.2523054576607118,-0.3,1
1,13,2.1758985172703555,-0.3,1
1,14,-1.5112193924104877,-0.3,1
1,15,0.3036557874158217,-0.3,1
1,16,-1.1576434284812227,-0.3,1
1,17,-1.4288793707562748,-0.3,1
1,18,1.2619623771789388,-0.3,1
1,19,-0.20607270924684762,-0.3,1
1,20,0.3570297290047274,-0.3,1
1,21,-1.105513180287999,-0.3,1
1,22,0.21522659507768155,-0.3,1
1,23,-0.28354408614286847,-0.3,1
1,24,-0.8969860223812988,-0.3,1
1,25,0.626773579849056,-0.3,1
1,26,-1.9119517662121626,-0.3,1
1,27,1.8101367098300507,-0.3,1
1,28,-1.0221371972223556,-0.3,1
1,29,0.3613095983172721,-0.3,1
1,30,0.10829300716297417,-0.3,1
1,31,2.522709556693789,-0.3,1
2,0,0.4021120372552127,-0.3,6
2,1,0.16431195832483714,-0.3,6
2,2,-0.8203206735248875,-0.3,6
2,3,0.37641076713232735,-0.3,6
2,4,0.6731353183956792,-0.3,6
2,5,-1.8082134420066458,-0.3,6
2,6,-0.043426656211336345,-0.3,6
2,7,-0.562128488764024,-0.3,6
2,8,1.1247886668411,-0.3,6
2,9,-0.615956698898081,-0.3,6
2,10,1.1643365814438897,-0.3,6
2,11,-1.000131603967915,-0.3,6
2,12,0.8949916274059972,-0.3,6
2,13,-0.030844543167068833,-0.3,6
2,14,-0.07683065071719933,-0.3,6
2,15,0.6606292510449978,-0.3,6
2,16,-0.39078278166779956,-0.3,6
2,17,2.1928128618059595,-0.3,6
2,18,-1.656917362282874,-0.3,6
2,19,0.6641718960066798,-0.3,6
2,20,-1.713812373477789,-0.3,6
2,21,0.3323985559425221,-0.3,6
2,22,0.7773991282651512,-0.3,6
2,23,-0.08663512752974337,-0.3,6
2,24,1.075273943170888,-0.3,6
2,25,-1.6003362436703368,-0.3,6
2,26,1.3199757960390326,-0.3,6
2,27,-0.9250611238869539,-0.3,6
2,28,-1.4356069559271254,-0.3,6
2,29,0.3252770512438502,-0.3,6
2,30,-1.4679521908141653,-0.3,6
2,31,-0.5115440043378487,-0.3,6
3,0,0.21155719831930267,0,6
3,1,-1.455621482960589,0,6
3,2,1.0046738401563309,0,6
3,3,0.617143370989753,0,6
3,4,0.10516320868182996,0,6
3,5,1.3029100984795061,0,6
3,6,-0.17655096497796208,0,6
3,7,0.18563576694460734,0,6
3,8,-0.6129687875131878,0,6
3,9,0.47535353002013897,0,6
3,10,1.930557623967265,0,6
3,11,-0.8479013019860885,0,6
3,12,0.6422785780098018,0,6
3,13,0.8484151620555667,0,6
3,14,-0.5346284726465651,0,6
3,15,-0.2951037915976076,0,6
3,16,-1.8254143867711485,0,6
3,17,-0.7869460236649286,0,6
3,18,0.9743938104699259,0,6
3,19,1.190514559463821,0,6
3,20,-0.8314725266468213,0,6
3,21,0.9240443195370648,0,6
3,22,0.9391936423331484,0,6
3,23,0.6536052319217868,0,6
3,24,0.837641391489172,0,6
3,25,0.03195943602989204,0,6
3,26,2.719361244348527,0,6
3,27,1.7024283895463952,0,6
3,28,1.9490708308487044,0,6
3,29,-0.576747495647904,0,6
3,30,1.2953435571580023,0,6
3,31,0.7945675247300372,0,6
4,0,0.9400365119773912,0.6,6
4,1,-0.13816689582646546,0.6,6
4,2,-0.24074872231267308,0.6,6
4,3,-1.570652579456223,0.6,6
4,4,-0.3412120335594875,0.6,6
4,5,0.1530494235666586,0.6,6
4,6,-0.025300610670222726,0.6,6
4,7,-0.25749526222332725,0.6,6
4,8,0.9347216813553816,0.6,6
4,9,-0.4149588036377406,0.6,6
4,10,-0.751450435361781,0.6,6
4,11,-0.4576575752155697,0.6,6
4,12,-0.842228911831181,0.6,6
4,13,-1.7561342198309344,0.6,6
4,14,-0.4631728818423061,0.6,6
4,15,1.5497904095065091,0.6,6
4,16,0.5150907109716841,0.6,6
4,17,0.692657576186356,0.6,6
4,18,-0.476178558624678,0.6,6
4,19,-0.7164208237257438,0.6,6
4,20,-0.16498567268363762,0.6,6
4,21,0.18651178125121015,0.6,6
4,22,-1.8868191439253978,0.6,6
4,23,-1.1600629191268563,0.6,6
4,24,-0.704501819472618,0.6,6
4,25,1.0551408912127596,0.6,6
4,26,-0.005175356536450515,0.6,6
4,27,0.16105642813870993,0.6,6
4,28,-0.4628039739570153,0.6,6
4,29,-0.13330516175204693,0.6,6
4,30,0.6798813074608339,0.6,6
4,31,-0.6768624746439886,0.6,6
5,0,-1.8355680420813065,0.95,6
5,1,-1.8405936101124585,0.95,6
5,2,-1.4555256084084611,0.95,6
5,3,-1.8807742728197367,0.95,6
5,4,-1.8328238289658834,0.95,6
5,5,-1.3166412601582154,0.95,6
5,6,-1.3497734895247826,0.95,6
5,7,-0.9026256446059903,0.95,6
5,8,-0.8788203399218462,0.95,6
5,9,-0.8602537956335243,0.95,6
5,10,-0.9054164357925417,0.95,6
5,11,-0.9942592972641301,0.95,6
5,12,-0.6677454758623658,0.95,6
5,13,-0.9953270193036474,0.95,6
5,14,-0.7240424334440345,0.95,6
5,15,-0.9613115154870961,0.95,6
5,16,-1.0240854265058341,0.95,6
5,17,-0.9433839507279185,0.95,6
5,18,-0.5824398509826185,0.95,6
5,19,-0.3175496867352903,0.95,6
5,20,-0.5314719973181509,0.95,6
5,21,-0.26524623060419583,0.95,6
5,22,-0.47598860747116933,0.95,6
5,23,0.15350709240089289,0.95,6
5,24,0.4612008603826321,0.95,6
5,25,0.4311694303804239,0.95,6
5,26,0.42584931822463734,0.95,6
5,27,0.6924918760914112,0.95,6
5,28,1.0555520697559282,0.95,6
5,29,0.7477175243045697,0.95,6
5,30,0.6465152548130175,0.95,6
5,31,0.5051090208813787,0.95,6
5,32,0.3018000257892318,0.95,6
5,33,0.7485481961611629,0.95,6
5,34,0.24956259841117862,0.95,6
5,35,0.6687566077122061,0.95,6
5,36,0.3589348890083207,0.95,6
5,37,-0.04747577014261689,0.95,6
5,38,-0.4584076385349467,0.95,6
5,39,-0.4855051347756039,0.95,6
5,40,-0.24804560006229248,0.95,6
5,41,-0.02429105359151948,0.95,6
5,42,0.2141280999434343,0.95,6
5,43,0.5622582058603839,0.95,6
5,44,0.5987270859992448,0.95,6
5,45,0.2550624340836075,0.95,6
5,46,0.40038197686509847,0.95,6
5,47,0.5601647685971665,0.95,6
5,48,0.5782695164463649,0.95,6
5,49,0.3815148570735669,0.95,6
5,50,0.2599299033358234,0.95,6
5,51,0.018443953070437724,0.95,6
5,52,-0.3415459103465618,0.95,6
5,53,-0.37889504470018887,0.95,6
5,54,0.1810184865333211,0.95,6
5,55,-0.05829581657046748,0.95,6
5,56,0.14378039897157457,0.95,6
5,57,0.2064663233920775,0.95,6
5,58,0.4682703390669335,0.95,6
5,59,0.7055780181890521,0.95,6
5,60,0.7787197933070845,0.95,6
5,61,0.6656441846691159,0.95,6
5,62,0.08538166934159386,0.95,6
5,63,0.46753933908329454,0.95,6
5,64,0.41711191761358196,0.95,6
5,65,-0.3644794400576981,0.95,6
5,66,-0.5266020105653857,0.95,6
5,67,-0.7688071594320266,0.95,6
5,68,-1.251625087939285,0.95,6
5,69,-1.304756101034701,0.95,6
5,70,-1.0670718989006924,0.95,6
5,71,-1.1233742677301324,0.95,6
5,72,-1.1800875595096247,0.95,6
5,73,-1.186010082107261,0.95,6
5,74,-1.3720028984314523,0.95,6
5,75,-1.8467196274248643,0.95,6
5,76,-1.8561569636203714,0.95,6
5,77,-1.5760175782418977,0.95,6
5,78,-1.610552784235528,0.95,6
5,79,-1.4892911613961601,0.95,6
5,80,-1.2424885358102917,0.95,6
5,81,-1.1241893703763484,0.95,6
5,82,-1.4419489228144409,0.95,6
5,83,-1.5965636868734772,0.95,6
5,84,-1.1810838489974689,0.95,6
5,85,-0.9632543984387061,0.95,6
5,86,-1.4861089701422716,0.95,6
5,87,-0.68863592733302,0.95,6
5,88,-0.6886266316975256,0.95,6
5,89,-0.12572685753867585,0.95,6
5,90,0.16039919071046133,0.95,6
5,91,0.3710165688762779,0.95,6
5,92,0.8212539198616904,0.95,6
5,93,0.833774797201387,0.95,6
5,94,0.8874710570913997,0.95,6
5,95,0.6055699494413844,0.95,6
5,96,0.5026003570072901,0.95,6
5,97,0.38956466290289427,0.95,6
5,98,0.19956195907335111,0.95,6
5,99,0.5332895099969194,0.95,6
5,100,0.7346968795005132,0.95,6
5,101,0.7366771503009163,0.95,6
5,102,0.8375947936492638,0.95,6
5,103,0.2826179044029442,0.95,6
5,104,-0.02391504805636885,0.95,6
5,105,-0.14547407555064223,0.95,6
5,106,-0.1326248203942938,0.95,6
5,107,-0.1737366369986887,0.95,6
5,108,-0.21078116529945665,0.95,6
5,109,-0.3178906158984088,0.95,6
5,110,-0.5613468685757693,0.95,6
5,111,-0.5465533112507801,0.95,6
5,112,-1.0004862907208107,0.95,6
5,113,-1.5348689431387332,0.95,6
5,114,-1.5605126710200043,0.95,6
5,115,-1.958326148880919,0.95,6
5,116,-2.1509996028014204,0.95,6
5,117,-1.9579180777609544,0.95,6
5,118,-2.1955844667962507,0.95,6
5,119,-1.9100115900498384,0.95,6
5,120,-1.5811530582600235,0.95,6
5,121,-1.3065606361499518,0.95,6
5,122,-1.261082205760782,0.95,6
5,123,-1.3202417120384935,0.95,6
5,124,-1.2800948411419544,0.95,6
5,125,-1.6245345174919745,0.95,6
5,126,-1.9784000584317205,0.95,6
5,127,-2.0028936371130626,0.95,6
5,128,-2.0524966803087707,0.95,6
5,129,-1.587195278132968,0.95,6
5,130,-1.093581153292435,0.95,6
5,131,-0.7399287813085582,0.95,6
5,132,-0.4531183329238281,0.95,6
5,133,-0.6090729758627853,0.95,6
5,134,-0.895804683852022,0.95,6
5,135,-0.45314408320111627,0.95,6
5,136,-0.7568411798611152,0.95,6
5,137,-0.9260204192680593,0.95,6
5,138,-0.7180095057997296,0.95,6
5,139,-0.5191876848479342,0.95,6
5,140,-0.6943733581048209,0.95,6
5,141,-0.8267425137006958,0.95,6
5,142,-0.9859512482060224,0.95,6
5,143,-0.7423395974543998,0.95,6
5,144,-0.5759527933053198,0.95,6
5,145,-0.15925537172258225,0.95,6
5,146,-0.29365451983144214,0.95,6
5,147,-0.5915093545988844,0.95,6
5,148,-0.43302851005056486,0.95,6
5,149,-0.5863405794757244,0.95,6
5,150,0.23246248739345488,0.95,6
5,151,-0.18355197360275885,0.95,6
5,152,0.2292953641103286,0.95,6
5,153,0.2769794956655867,0.95,6
5,154,0.9103570752912011,0.95,6
5,155,0.4723178195016307,0.95,6
5,156,0.2729359218926867,0.95,6
5,157,0.5128845577360502,0.95,6
5,158,0.839884395665226,0.95,6
5,159,0.8665684635176978,0.95,6
5,160,0.8619252321963996,0.95,6
5,161,0.5772776915321072,0.95,6
5,162,1.1172856006826588,0.95,6
5,163,1.441309546502384,0.95,6
5,164,1.1246363867457005,0.95,6
5,165,1.0169148795511813,0.95,6
5,166,0.5846797641705104,0.95,6
5,167,0.3167658752529293,0.95,6
5,168,0.2812315218651241,0.95,6
5,169,0.09884463156507992,0.95,6
5,170,0.41330757659824496,0.95,6
5,171,0.34625025652958114,0.95,6
5,172,0.19304852967967515,0.95,6
5,173,0.9175228426807549,0.95,6
5,174,1.3621911113598688,0.95,6
5,175,1.1880377440904957,0.95,6
5,176,0.7284888037202388,0.95,6
5,177,0.8309886228995575,0.95,6
5,178,0.4946851237289635,0.95,6
5,179,0.5035805959475883,0.95,6
5,180,-0.22274472014037677,0.95,6
5,181,-0.35758578323017076,0.95,6
5,182,-0.22949523130290428,0.95,6
5,183,-0.45844261586440416,0.95,6
5,184,-0.0595973228287659,0.95,6
5,185,-0.017296958124725835,0.95,6
5,186,0.3449509829759561,0.95,6
5,187,0.5210650943796288,0.95,6
5,188,0.2889433193361145,0.95,6
5,189,0.46719181526169024,0.95,6
5,190,0.3992244161177684,0.95,6
5,191,0.1269159283148778,0.95,6
5,192,0.3008568377867258,0.95,6
5,193,0.21822482211321165,0.95,6
5,194,0.1920045161407468,0.95,6
5,195,0.8385596076863351,0.95,6
5,196,1.4351615716462942,0.95,6
5,197,1.2613974268506598,0.95,6
5,198,1.206207602263606,0.95,6
5,199,1.5234186882245964,0.95,6
6,0,0.4073664811933703,0.99,6
6,1,0.21334804600950455,0.99,6
6,2,-0.021716802306626287,0.99,6
6,3,-0.26459286069183957,0.99,6
6,4,-0.3946193841305841,0.99,6
6,5,-0.13914524124504768,0.99,6
6,6,-0.1636646529498683,0.99,6
6,7,-0.23806011362646184,0.99,6
6,8,-0.2582053246504929,0.99,6
6,9,-0.3590255302028701,0.99,6
6,10,-0.43525411917118395,0.99,6
6,11,-0.4967614818978049,0.99,6
6,12,-0.37375802634353106,0.99,6
6,13,-0.4501755721754602,0.99,6
6,14,-0.2828141182237224,0.99,6
6,15,-0.286659552393273,0.99,6
6,16,-0.12098301276696596,0.99,6
6,17,-0.045472555992775124,0.99,6
6,18,-0.0823043755024006,0.99,6
6,19,-0.049433971674200106,0.99,6
6,20,0.19773078950094716,0.99,6
6,21,0.09577003535912122,0.99,6
6,22,-0.20822177492266214,0.99,6
6,23,-0.002706272652155728,0.99,6
6,24,-0.07486349379308926,0.99,6
6,25,-0.1957896479966077,0.99,6
6,26,-0.15966508601034934,0.99,6
6,27,-0.08557475487556619,0.99,6
6,28,0.016708196701706396,0.99,6
6,29,0.019721491605210317,0.99,6
6,30,0.2846633772169469,0.99,6
6,31,0.22224316800474966,0.99,6
6,32,0.11941936196259692,0.99,6
6,33,0.14729707003296127,0.99,6
6,34,-0.08137084234820505,0.99,6
6,35,0.07320172387819368,0.99,6
6,36,0.14928340081446279,0.99,6
6,37,0.13473498997447295,0.99,6
6,38,0.02096658962799962,0.99,6
6,39,0.06049355901999483,0.99,6
6,40,0.1890111697974629,0.99,6
6,41,0.184968410746834,0.99,6
6,42,0.4689345442709559,0.99,6
6,43,0.2367337611560442,0.99,6
6,44,0.0747710193202081,0.99,6
6,45,0.1706130738803715,0.99,6
6,46,0.05481434092647021,0.99,6
6,47,0.09759048216145046,0.99,6
6,48,0.406097531980792,0.99,6
6,49,0.5889764887636406,0.99,6
6,50,0.3245282915188079,0.99,6
6,51,0.14751649691412816,0.99,6
6,52,-0.05113652890007203,0.99,6
6,53,0.1905599897913381,0.99,6
6,54,0.07534472345327081,0.99,6
6,55,0.22042510409375576,0.99,6
6,56,0.2430352496811525,0.99,6
6,57,0.1801650214152019,0.99,6
6,58,0.3316895318855769,0.99,6
6,59,0.4685765521720199,0.99,6
6,60,0.40677254122371953,0.99,6
6,61,0.562901378231795,0.99,6
6,62,0.7250940868621532,0.99,6
6,63,0.612940769283576,0.99,6
6,64,0.6447901675903209,0.99,6
6,65,0.7490049476220603,0.99,6
6,66,0.627658823224787,0.99,6
6,67,0.7859705124488094,0.99,6
6,68,0.9846341591649044,0.99,6
6,69,1.092165212496668,0.99,6
6,70,1.2567806171353553,0.99,6
6,71,1.3961256690159924,0.99,6
6,72,1.5182936205831903,0.99,6
6,73,1.5536085167784388,0.99,6
6,74,1.4302656902324289,0.99,6
6,75,1.3943547832505412,0.99,6
6,76,1.2372397043022918,0.99,6
6,77,1.290953276883253,0.99,6
6,78,1.2000221943868603,0.99,6
6,79,1.160466901546643,0.99,6
6,80,1.203591399471383,0.99,6
6,81,1.3894921390926773,0.99,6
6,82,1.5746344012044855,0.99,6
6,83,1.6001112350553937,0.99,6
6,84,1.4855476031371577,0.99,6
6,85,1.4940474301326225,0.99,6
6,86,1.5777438332943905,0.99,6
6,87,1.3683024907450383,0.99,6
6,88,1.4871908366553446,0.99,6
6,89,1.4069349685608916,0.99,6
6,90,1.23026478948704,0.99,6
6,91,1.0983547578264985,0.99,6
6,92,1.151507360815259,0.99,6
6,93,1.3570953573549343,0.99,6
6,94,1.3396454864765148,0.99,6
6,95,1.5323268020751053,0.99,6
6,96,1.7310931075069742,0.99,6
6,97,1.7542104023386162,0.99,6
6,98,1.7011026795254125,0.99,6
6,99,1.812783703664968,0.99,6
6,100,1.9249346006641035,0.99,6
6,101,2.1359568825360906,0.99,6
6,102,2.0128960918251604,0.99,6
6,103,1.8931627493515246,0.99,6
6,104,2.134508442831903,0.99,6
6,105,2.115793019106552,0.99,6
6,106,2.379109704522759,0.99,6
6,107,2.396969488646347,0.99,6
6,108,2.065500915885689,0.99,6
6,109,2.178656095681815,0.99,6
6,110,2.095084586505117,0.99,6
6,111,1.9442724601213963,0.99,6
6,112,2.1197317034376226,0.99,6
6,113,2.0755487934713845,0.99,6
6,114,1.8721346505982464,0.99,6
6,115,1.8251703039118705,0.99,6
6,116,1.8766145517325057,0.99,6
6,117,2.01029456937187,0.99,6
6,118,1.8135269265815774,0.99,6
6,119,1.5588490071594403,0.99,6
6,120,1.5213418381924166,0.99,6
6,121,1.4696078853860302,0.99,6
6,122,1.6742443862964569,0.99,6
6,123,1.5869518634264317,0.99,6
6,124,1.3908894824395666,0.99,6
6,125,1.276481374476088,0.99,6
6,126,1.1481333038472967,0.99,6
6,127,0.9905797294561709,0.99,6
6,128,0.9366700713143177,0.99,6
6,129,0.9414630485025199,0.99,6
6,130,0.7122284403397363,0.99,6
6,131,0.643902405473923,0.99,6
6,132,0.5987176840262495,0.99,6
6,133,0.45645324536886217,0.99,6
6,134,0.3930738139404002,0.99,6
6,135,0.5949602348130638,0.99,6
6,136,0.4226461935310286,0.99,6
6,137,0.3725878932346329,0.99,6
6,138,0.34051362458356155,0.99,6
6,139,0.2620215346457407,0.99,6
6,140,0.05493543618555349,0.99,6
6,141,0.001877305666975644,0.99,6
6,142,0.062265761937845006,0.99,6
6,143,0.20537313687490852,0.99,6
6,144,0.4153985078460085,0.99,6
6,145,0.42725798794151887,0.99,6
6,146,0.6152890323397403,0.99,6
6,147,0.5080184604913602,0.99,6
6,148,0.25655087702910073,0.99,6
6,149,0.45107695413980414,0.99,6
6,150,0.38358788553842654,0.99,6
6,151,0.5024443156990572,0.99,6
6,152,0.3239879728279702,0.99,6
6,153,0.4530791649391466,0.99,6
6,154,0.34377056646939363,0.99,6
6,155,0.5610848255082277,0.99,6
6,156,0.6659577367965951,0.99,6
6,157,0.39723464805716857,0.99,6
6,158,0.4234410999126109,0.99,6
6,159,0.652046750651448,0.99,6
6,160,0.4602873308907859,0.99,6
6,161,0.5217037065180106,0.99,6
6,162,0.3790736985214167,0.99,6
6,163,0.468870325804545,0.99,6
6,164,0.4480730924891325,0.99,6
6,165,0.567710555787845,0.99,6
6,166,0.6032833691094023,0.99,6
6,167,0.578793660368719,0.99,6
6,168,0.5957855019143645,0.99,6
6,169,0.605480659279663,0.99,6
6,170,0.5368935215702371,0.99,6
6,171,0.5066265442486186,0.99,6
6,172,0.26879203547820857,0.99,6
6,173,0.4822261106928468,0.99,6
6,174,0.5984499999176204,0.99,6
6,175,0.5459369749186398,0.99,6
6,176,0.6682913628172272,0.99,6
6,177,0.5257819372531133,0.99,6
6,178,0.5086737366288338,0.99,6
6,179,0.39087520972216216,0.99,6
6,180,0.3907920292721754,0.99,6
6,181,0.382235462999975,0.99,6
6,182,0.4517725507942353,0.99,6
6,183,0.45212105994363117,0.99,6
6,184,0.2893996045881593,0.99,6
6,185,0.2538777528743322,0.99,6
6,186,0.3711830832638806,0.99,6
6,187,0.537039770493074,0.99,6
6,188,0.7047736119852737,0.99,6
6,189,0.6960185157649145,0.99,6
6,190,1.0409649780798356,0.99,6
6,191,0.9956773779701689,0.99,6
6,192,1.1079394554448503,0.99,6
6,193,0.9951742809855263,0.99,6
6,194,1.001292055527471,0.99,6
6,195,0.7430865461228293,0.99,6
6,196,0.5786820431559366,0.99,6
6,197,0.4751358062877842,0.99,6
6,198,0.570126693354807,0.99,6
6,199,0.6720572980651628,0.99,6
7,0,0.7643292278026967,0.99,16
7,1,0.7632234637357981,0.99,16
7,2,0.7368176983200697,0.99,16
7,3,0.6753881455043228,0.99,16
7,4,0.8187323417441177,0.99,16
7,5,0.8409055841371564,0.99,16
7,6,0.9279119027796753,0.99,16
7,7,0.900725047965848,0.99,16
7,8,0.9680662441762139,0.99,16
7,9,0.6689593173775132,0.99,16
7,10,0.8029455103837188,0.99,16
7,11,0.8227438795676444,0.99,16
7,12,0.6688268970682605,0.99,16
7,13,0.6498989975801256,0.99,16
7,14,0.4771144974891891,0.99,16
7,15,0.4906482423312139,0.99,16
7,16,0.2931653346282344,0.99,16
7,17,0.23026676953270905,0.99,16
7,18,0.3187830756565351,0.99,16
7,19,0.2882127368497531,0.99,16
7,20,0.29866985511399075,0.99,16
7,21,0.2435106487317521,0.99,16
7,22,0.38098692868919976,0.99,16
7,23,0.5161501121889694,0.99,16
7,24,0.2574214110348776,0.99,16
7,25,0.13962087428965722,0.99,16
7,26,-0.05539106142550615,0.99,16
7,27,-0.2917160062628932,0.99,16
7,28,-0.2072411979860816,0.99,16
7,29,-0.27107175211282675,0.99,16
7,30,-0.037316510767001515,0.99,16
7,31,0.0861583650503556,0.99,16
7,32,0.3039552375467387,0.99,16
7,33,0.21224823954273436,0.99,16
7,34,0.2158385651630936,0.99,16
7,35,0.37078854641689407,0.99,16
7,36,0.38099186747981056,0.99,16
7,37,0.3543177302826585,0.99,16
7,38,0.1998547785013366,0.99,16
7,39,0.1707174056708678,0.99,16
7,40,0.11083900965895266,0.99,16
7,41,0.35472114283217504,0.99,16
7,42,0.42887233013124815,0.99,16
7,43,0.6632961496411804,0.99,16
7,44,0.802102814402504,0.99,16
7,45,0.8416774130168193,0.99,16
7,46,0.81953478933275,0.99,16
7,47,0.6046546488753872,0.99,16
7,48,0.6781580736743555,0.99,16
7,49,0.7240795371660975,0.99,16
7,50,0.41792014561531815,0.99,16
7,51,0.38003329473069836,0.99,16
7,52,0.4677933406978931,0.99,16
7,53,0.5175190857387554,0.99,16
7,54,0.36459903979401764,0.99,16
7,55,0.22024357490081525,0.99,16
7,56,0.40318130151009746,0.99,16
7,57,0.2909121633631574,0.99,16
7,58,0.2724969000794272,0.99,16
7,59,0.29080939110826093,0.99,16
7,60,0.44399150551029076,0.99,16
7,61,0.5600980575617679,0.99,16
7,62,0.6592176011522298,0.99,16
7,63,0.7928954308199971,0.99,16
7,64,0.7923223067742707,0.99,16
7,65,0.896367601784608,0.99,16
7,66,0.826372553334528,0.99,16
7,67,0.8826021609070356,0.99,16
7,68,1.0858334068579585,0.99,16
7,69,1.0727651201964072,0.99,16
7,70,0.8544861402084228,0.99,16
7,71,0.8251615254477057,0.99,16
7,72,0.6845728971980914,0.99,16
7,73,0.7167703004377568,0.99,16
7,74,0.4938838232342295,0.99,16
7,75,0.4157108878731541,0.99,16
7,76,0.2911244473130874,0.99,16
7,77,0.31338437663612045,0.99,16
7,78,0.2646189211857849,0.99,16
7,79,0.16160593680814317,0.99,16
7,80,0.09509937925187884,0.99,16
7,81,0.01524288665801743,0.99,16
7,82,-0.19507557890892213,0.99,16
7,83,-0.11426999079703538,0.99,16
7,84,0.08236572437185499,0.99,16
7,85,0.1095090933430141,0.99,16
7,86,0.02090074789582795,0.99,16
7,87,-0.2078995240628799,0.99,16
7,88,-0.1940191182209772,0.99,16
7,89,-0.04028680470005083,0.99,16
7,90,-0.11181902420084211,0.99,16
7,91,-0.3473624243868529,0.99,16
7,92,-0.3207311468342966,0.99,16
7,93,-0.17957197864182473,0.99,16
7,94,-0.06644952520913178,0.99,16
7,95,-0.009542359027275807,0.99,16
7,96,0.16824746586208483,0.99,16
7,97,-0.0018600388295794967,0.99,16
7,98,-0.04006352720109814,0.99,16
7,99,-0.1922274081804124,0.99,16
7,100,-0.417074997652017,0.99,16
7,101,-0.4457301362832163,0.99,16
7,102,-0.4942524782657515,0.99,16
7,103,-0.7888969802899874,0.99,16
7,104,-0.6507571244831323,0.99,16
7,105,-0.716724283313,0.99,16
7,106,-0.5180529971494193,0.99,16
7,107,-0.2799301873514396,0.99,16
7,108,-0.3445318474660794,0.99,16
7,109,-0.6757139782347192,0.99,16
7,110,-0.6172108073086819,0.99,16
7,111,-0.6209927507607894,0.99,16
7,112,-0.8839503279386203,0.99,16
7,113,-0.9278953520055119,0.99,16
7,114,-0.7944143202857898,0.99,16
7,115,-0.686435573746846,0.99,16
7,116,-0.9752312885888306,0.99,16
7,117,-1.0310696705225018,0.99,16
7,118,-1.0525388413882508,0.99,16
7,119,-0.8713050835880326,0.99,16
7,120,-0.8215742815037455,0.99,16
7,121,-0.5584691461221329,0.99,16
7,122,-0.6090621862682448,0.99,16
7,123,-0.7424030774230803,0.99,16
7,124,-0.7147937337370921,0.99,16
7,125,-0.7419928306310573,0.99,16
7,126,-0.6364063151749227,0.99,16
7,127,-0.27669725735032785,0.99,16
7,128,-0.28678208075609635,0.99,16
7,129,0.18267200603122757,0.99,16
7,130,-0.08660122483805258,0.99,16
7,131,-0.4876470570723686,0.99,16
7,132,-0.5741472052850368,0.99,16
7,133,-0.5839054340345439,0.99,16
7,134,-0.7701386434844818,0.99,16
7,135,-0.6818455054675536,0.99,16
7,136,-0.8215619597682347,0.99,16
7,137,-1.0281802706688743,0.99,16
7,138,-0.9014442390972296,0.99,16
7,139,-0.5978680661963849,0.99,16
7,140,-0.6066529148877785,0.99,16
7,141,-0.4295731185687709,0.99,16
7,142,-0.5316176687101224,0.99,16
7,143,-0.4805478115639207,0.99,16
7,144,-0.7792673642141779,0.99,16
7,145,-0.6359854279026611,0.99,16
7,146,-0.752736499782659,0.99,16
7,147,-0.7448031754708074,0.99,16
7,148,-0.8317530237823064,0.99,16
7,149,-0.9794317844586213,0.99,16
7,150,-1.2443543840472515,0.99,16
7,151,-1.3800128280458235,0.99,16
7,152,-1.390561132095529,0.99,16
7,153,-1.435016047508523,0.99,16
7,154,-1.5992831458488166,0.99,16
7,155,-1.703733644793915,0.99,16
7,156,-1.6553694808632693,0.99,16
7,157,-1.5102923636243815,0.99,16
7,158,-1.5106207166442998,0.99,16
7,159,-1.4661472996228682,0.99,16
7,160,-1.282575706457195,0.99,16
7,161,-1.4008182576517982,0.99,16
7,162,-1.4721300147976573,0.99,16
7,163,-1.3251875932685782,0.99,16
7,164,-1.4205603516013745,0.99,16
7,165,-1.361847548638708,0.99,16
7,166,-1.2667688096071483,0.99,16
7,167,-1.1774280243914108,0.99,16
7,168,-1.3267556530014089,0.99,16
7,169,-1.364404908058886,0.99,16
7,170,-1.3183259268234382,0.99,16
7,171,-1.3085152057232052,0.99,16
7,172,-1.3339462887351223,0.99,16
7,173,-1.2740935977137158,0.99,16
7,174,-1.293098546345657,0.99,16
7,175,-1.4272637067861718,0.99,16
7,176,-1.2914950478214287,0.99,16
7,177,-1.048447825255082,0.99,16
7,178,-0.9308202630008496,0.99,16
7,179,-1.0299074338218142,0.99,16
7,180,-1.0943706058737825,0.99,16
7,181,-1.0329753907680472,0.99,16
7,182,-0.9293430300654122,0.99,16
7,183,-0.7351662735818738,0.99,16
7,184,-0.6890959284320501,0.99,16
7,185,-0.8648727439767275,0.99,16
7,186,-0.8430485384324233,0.99,16
7,187,-0.8917336843492771,0.99,16
7,188,-0.7770975023507972,0.99,16
7,189,-0.70284257945898,0.99,16
7,190,-0.7708699513468629,0.99,16
7,191,-0.7829208593903054,0.99,16
7,192,-0.4498553927926418,0.99,16
7,193,-0.24491260185958877,0.99,16
7,194,-0.1381187493567581,0.99,16
7,195,-0.26816467227540386,0.99,16
7,196,-0.3695676679100425,0.99,16
7,197,-0.29089641843744773,0.99,16
7,198,-0.3253994505623372,0.99,16
7,199,-0.23261756169879313,0.99,16
8,0,1.7273520338557693,0.99,64
8,1,1.8207773078255156,0.99,64
8,2,1.7381633399974994,0.99,64
8,3,1.768142250911799,0.99,64
8,4,1.81700669003388,0.99,64
8,5,1.743376350816513,0.99,64
8,6,1.6876116348356174,0.99,64
8,7,1.920928859349388,0.99,64
8,8,2.0440710652900433,0.99,64
8,9,1.6821684805598285,0.99,64
8,10,1.342401946102876,0.99,64
8,11,1.316679696136902,0.99,64
8,12,1.3786986766304787,0.99,64
8,13,1.3035324610414645,0.99,64
8,14,1.5642896367046495,0.99,64
8,15,1.5979380191254742,0.99,64
8,16,1.3642728882198483,0.99,64
8,17,1.3560296286338238,0.99,64
8,18,1.4829461277693754,0.99,64
8,19,1.4536827216476937,0.99,64
8,20,1.2932064507736067,0.99,64
8,21,1.3800635929456153,0.99,64
8,22,1.6665330760908994,0.99,64
8,23,1.675109935583718,0.99,64
8,24,1.6755862668313517,0.99,64
8,25,1.6892820139394338,0.99,64
8,26,1.947886425259418,0.99,64
8,27,1.708374313765922,0.99,64
8,28,1.8192250606930378,0.99,64
8,29,1.5816096151809287,0.99,64
8,30,1.542367474299998,0.99,64
8,31,1.46976451137161,0.99,64
8,32,1.4714181975101301,0.99,64
8,33,1.322964441739356,0.99,64
8,34,1.4820794789363665,0.99,64
8,35,1.6006775003584477,0.99,64
8,36,1.6161360384968546,0.99,64
8,37,1.201380677426434,0.99,64
8,38,1.081297253319453,0.99,64
8,39,1.2282610354800645,0.99,64
8,40,1.253660814634174,0.99,64
8,41,1.1779327563157123,0.99,64
8,42,1.1388790711795467,0.99,64
8,43,1.1728627935588007,0.99,64
8,44,1.247183314620044,0.99,64
8,45,1.0500938438853846,0.99,64
8,46,0.8528288779118878,0.99,64
8,47,0.7814349830407404,0.99,64
8,48,0.7938651125634494,0.99,64
8,49,0.6777973891557763,0.99,64
8,50,0.8195854893194534,0.99,64
8,51,0.96340054883965,0.99,64
8,52,0.9598679314190615,0.99,64
8,53,0.8995572760010131,0.99,64
8,54,0.820287803279139,0.99,64
8,55,0.8712989016709319,0.99,64
8,56,1.0940454014835574,0.99,64
8,57,1.2280352658731881,0.99,64
8,58,1.2566431483273237,0.99,64
8,59,1.18276759354116,0.99,64
8,60,0.9579186415179433,0.99,64
8,61,1.1855625235775207,0.99,64
8,62,1.041820553413044,0.99,64
8,63,1.1597071289032703,0.99,64
8,64,1.2170658042223246,0.99,64
8,65,1.1905409397434248,0.99,64
8,66,1.2839320940037806,0.99,64
8,67,1.0513649763293689,0.99,64
8,68,1.0175810815116488,0.99,64
8,69,0.8481238439427836,0.99,64
8,70,0.7456357269307959,0.99,64
8,71,0.7168696354154123,0.99,64
8,72,0.7790230606283952,0.99,64
8,73,0.7782819401670666,0.99,64
8,74,0.7470402387330772,0.99,64
8,75,0.6713676276496562,0.99,64
8,76,0.6243987601453996,0.99,64
8,77,0.4323351964854555,0.99,64
8,78,0.42862084105068377,0.99,64
8,79,0.4011121230762588,0.99,64
8,80,0.4239596646871907,0.99,64
8,81,-0.021607076596808217,0.99,64
8,82,0.008552190185402153,0.99,64
8,83,0.11381998356965209,0.99,64
8,84,0.053033178825912464,0.99,64
8,85,0.04357496098433397,0.99,64
8,86,0.0852776654275861,0.99,64
8,87,0.013945643593434406,0.99,64
8,88,-0.12446442137175545,0.99,64
8,89,0.06761187075679564,0.99,64
8,90,-0.013214839040195978,0.99,64
8,91,0.0367287766226035,0.99,64
8,92,0.14431976191876394,0.99,64
8,93,0.2397911124245028,0.99,64
8,94,0.1373059475105889,0.99,64
8,95,0.06122031191620474,0.99,64
8,96,0.07592313215910544,0.99,64
8,97,0.04637361236279344,0.99,64
8,98,0.00444119784387783,0.99,64
8,99,0.09400280028184385,0.99,64
8,100,0.023018899103760038,0.99,64
8,101,0.10576097588115725,0.99,64
8,102,0.11119882408540938,0.99,64
8,103,0.28940675150422335,0.99,64
8,104,0.3308895537897226,0.99,64
8,105,0.3961222008118335,0.99,64
8,106,0.7750994501311972,0.99,64
8,107,0.8112566562944113,0.99,64
8,108,0.8142937552644404,0.99,64
8,109,0.8806301918045608,0.99,64
8,110,1.1929332750585857,0.99,64
8,111,1.1452929188545233,0.99,64
8,112,1.1116251713889433,0.99,64
8,113,0.8581684182296009,0.99,64
8,114,0.7046717715233761,0.99,64
8,115,0.7513162690732463,0.99,64
8,116,0.5400731999676187,0.99,64
8,117,0.46018789596643317,0.99,64
8,118,0.6357863075888031,0.99,64
8,119,0.5243831189098099,0.99,64
8,120,0.7603586121739394,0.99,64
8,121,0.7866811147623973,0.99,64
8,122,0.894242911332062,0.99,64
8,123,0.6955543721305333,0.99,64
8,124,0.6729792488557319,0.99,64
8,125,0.6017028972393682,0.99,64
8,126,0.5911195591498843,0.99,64
8,127,0.723588598108644,0.99,64
8,128,0.5893498531775253,0.99,64
8,129,0.7046218653572383,0.99,64
8,130,0.6669296675008076,0.99,64
8,131,0.7072799857483445,0.99,64
8,132,0.768786208827253,0.99,64
8,133,0.6851688752405014,0.99,64
8,134,0.7747757130263554,0.99,64
8,135,0.6204201212893202,0.99,64
8,136,0.7273158834252682,0.99,64
8,137,0.6093787736964951,0.99,64
8,138,0.6144781627720373,0.99,64
8,139,0.46177211643071464,0.99,64
8,140,0.38810552235652734,0.99,64
8,141,0.24802150651999122,0.99,64
8,142,0.5199162004274516,0.99,64
8,143,0.8644338662399855,0.99,64
8,144,0.7869982222738305,0.99,64
8,145,0.7246068645639254,0.99,64
8,146,0.6614381929241095,0.99,64
8,147,0.751392525919981,0.99,64
8,148,0.5998137052286288,0.99,64
8,149,0.5517578393298077,0.99,64
8,150,0.7225598797725545,0.99,64
8,151,0.8972294243288472,0.99,64
8,152,1.0904280413332206,0.99,64
8,153,0.9719032554678362,0.99,64
8,154,1.03010113120864,0.99,64
8,155,0.9681287243113917,0.99,64
8,156,0.8877332225794237,0.99,64
8,157,1.0114427648739337,0.99,64
8,158,1.0965181033556763,0.99,64
8,159,1.17559873010414,0.99,64
8,160,0.978849784652114,0.99,64
8,161,0.9718011315464257,0.99,64
8,162,0.9836444312171192,0.99,64
8,163,1.1783622380843697,0.99,64
8,164,1.2211054188846302,0.99,64
8,165,0.8952278627610275,0.99,64
8,166,0.871283485606609,0.99,64
8,167,0.6710319148841224,0.99,64
8,168,0.8516171318311944,0.99,64
8,169,0.8108525352403065,0.99,64
8,170,0.6311951352962146,0.99,64
8,171,0.8829277960506083,0.99,64
8,172,1.0348003245246515,0.99,64
8,173,0.9461771955617604,0.99,64
8,174,1.1596488981701762,0.99,64
8,175,1.2992608478660028,0.99,64
8,176,1.270164046501768,0.99,64
8,177,1.1148640038768587,0.99,64
8,178,1.3344152997498762,0.99,64
8,179,1.345544451871412,0.99,64
8,180,1.2395889488631249,0.99,64
8,181,1.0415616351084631,0.99,64
8,182,0.9376094781995397,0.99,64
8,183,0.7272183400201883,0.99,64
8,184,0.7393811247151093,0.99,64
8,185,0.7860839271732831,0.99,64
8,186,0.5841694936260422,0.99,64
8,187,0.48059247789407333,0.99,64
8,188,0.5168383744005152,0.99,64
8,189,0.3076059236137112,0.99,64
8,190,0.4233759932012047,0.99,64
8,191,0.4163653062841966,0.99,64
8,192,0.44927260101268596,0.99,64
8,193,0.21790509185289134,0.99,64
8,194,0.06109509030796581,0.99,64
8,195,0.16052720942041981,0.99,64
8,196,-0.14427394166390023,0.99,64
8,197,0.13309214811181572,0.99,64
8,198,0.02242096299795651,0.99,64
8,199,-0.06646609109958249,0.99,64
