profile,process,phi,cross_corr,sigma,n_strategies,delta,method,n_obs,n_mc,n_bootstrap,hac_lags,block_length,reject_count,rate,ci_low,ci_high,alpha,confidence,iid_limit_reference
full,gaussian_ar,0.5,0.35,0.01,20,0,bootstrap_max,512,2000,1999,5,16,173,0.0865,0.07495944584682306,0.0996259522547731,0.05,0.95,
full,gaussian_ar,0.5,0.35,0.01,20,1,bootstrap_max,512,2000,1999,5,16,258,0.129,0.11501757435418881,0.1444048747285008,0.05,0.95,
full,gaussian_ar,0.5,0.35,0.01,20,2,bootstrap_max,512,2000,1999,5,16,635,0.3175,0.2974651961300736,0.33823452612758365,0.05,0.95,
full,gaussian_ar,0.5,0.35,0.01,20,3,bootstrap_max,512,2000,1999,5,16,1359,0.6795,0.6587203207933289,0.6995914592327014,0.05,0.95,
full,gaussian_ar,0.5,0.35,0.01,20,4,bootstrap_max,512,2000,1999,5,16,1853,0.9265,0.9142274629206418,0.9371372957484493,0.05,0.95,
full,student_ar,0.5,0.35,0.01,20,0,bootstrap_max,512,2000,1999,5,16,202,0.101,0.08854934092540727,0.11498046280503259,0.05,0.95,
full,student_ar,0.5,0.35,0.01,20,1,bootstrap_max,512,2000,1999,5,16,286,0.143,0.12834149027926842,0.15902728147954612,0.05,0.95,
full,student_ar,0.5,0.35,0.01,20,2,bootstrap_max,512,2000,1999,5,16,670,0.335,0.3146482151175497,0.35598441048526375,0.05,0.95,
full,student_ar,0.5,0.35,0.01,20,3,bootstrap_max,512,2000,1999,5,16,1388,0.694,0.6734476531944407,0.7138085324604331,0.05,0.95,
full,student_ar,0.5,0.35,0.01,20,4,bootstrap_max,512,2000,1999,5,16,1852,0.926,0.9136928772514722,0.9366737984649004,0.05,0.95,
full,garch,0.0,0.35,0.01,20,0,bootstrap_max,512,2000,1999,5,16,125,0.0625,0.05270713160648804,0.07397028476460826,0.05,0.95,
full,garch,0.0,0.35,0.01,20,1,bootstrap_max,512,2000,1999,5,16,224,0.112,0.09891575901603857,0.12657186967421372,0.05,0.95,
full,garch,0.0,0.35,0.01,20,2,bootstrap_max,512,2000,1999,5,16,580,0.29,0.27053093918630444,0.31027422067182164,0.05,0.95,
full,garch,0.0,0.35,0.01,20,3,bootstrap_max,512,2000,1999,5,16,1281,0.6405,0.619218958720652,0.6612423509933159,0.05,0.95,
full,garch,0.0,0.35,0.01,20,4,bootstrap_max,512,2000,1999,5,16,1829,0.9145,0.9014365264814974,0.9259742413223437,0.05,0.95,
