cell,method,reference,n_mc,only_method_rejects,only_reference_rejects,risk_difference,ci_low_normal,ci_high_normal,mcnemar_p_unadjusted
g01-k001-r00,oracle,bartlett,5000,18,40,-0.0044,-0.007383189100315575,-0.0014168108996844256,0.005354859650800294
g01-k001-r00,tail_known_lrv,bartlett,5000,0,0,0.0,0.0,0.0,1.0
g01-k001-r00,tail_plugin_lrv,bartlett,5000,6,6,0.0,-0.001358063646289626,0.001358063646289626,1.0
g01-k001-r00,tail_known_finite,bartlett,5000,0,0,0.0,0.0,0.0,1.0
g01-k001-r00,tail_plugin_finite,bartlett,5000,6,6,0.0,-0.001358063646289626,0.001358063646289626,1.0
g01-k001-r00,mean_unbiased_oracle,bartlett,5000,0,17,-0.0034,-0.005013668803131931,-0.0017863311968680684,1.52587890625e-05
g02-k001-r00,oracle,bartlett,5000,0,368,-0.0736,-0.08083856841283782,-0.06636143158716218,3.326531125006368e-111
g02-k001-r00,tail_known_lrv,bartlett,5000,0,312,-0.0624,-0.06910525960855235,-0.055694740391447645,2.3970182936024055e-94
g02-k001-r00,tail_plugin_lrv,bartlett,5000,0,287,-0.0574,-0.06384813567533575,-0.05095186432466426,8.043058733543795e-87
g02-k001-r00,tail_known_finite,bartlett,5000,0,307,-0.0614,-0.06805486061212054,-0.05474513938787946,7.670458539527698e-93
g02-k001-r00,tail_plugin_finite,bartlett,5000,0,284,-0.0568,-0.06321638724581502,-0.050383612754184987,6.434446986835036e-86
g02-k001-r00,mean_unbiased_oracle,bartlett,5000,0,331,-0.0662,-0.07309239934514437,-0.05930760065485562,4.5719495651291e-100
g03-k001-r00,oracle,bartlett,5000,0,920,-0.184,-0.19474158807732286,-0.17325841192267713,2.256492969831037e-277
g03-k001-r00,tail_known_lrv,bartlett,5000,0,858,-0.1716,-0.18205185051828868,-0.16114814948171133,1.0406237079649487e-258
g03-k001-r00,tail_plugin_lrv,bartlett,5000,0,763,-0.1526,-0.1625686419998646,-0.14263135800013543,4.1223352125421653e-230
g03-k001-r00,tail_known_finite,bartlett,5000,0,835,-0.167,-0.17733939766856996,-0.15666060233143006,8.729384361624432e-252
g03-k001-r00,tail_plugin_finite,bartlett,5000,0,737,-0.1474,-0.1572273383513856,-0.1375726616486144,2.7664523314090327e-222
g03-k001-r00,mean_unbiased_oracle,bartlett,5000,0,884,-0.1768,-0.18737568031126176,-0.16622431968873827,1.550650161452515e-266
g04-k001-r00,oracle,bartlett,5000,0,1830,-0.366,-0.3793536403284649,-0.35264635967153507,0.0
g04-k001-r00,tail_known_lrv,bartlett,5000,0,1515,-0.303,-0.315739494812025,-0.29026050518797497,0.0
g04-k001-r00,tail_plugin_lrv,bartlett,5000,0,894,-0.1788,-0.18942240193853482,-0.16817759806146515,1.5143067982934716e-269
g04-k001-r00,tail_known_finite,bartlett,5000,0,1223,-0.2446,-0.2565160198931866,-0.2326839801068134,0.0
g04-k001-r00,tail_plugin_finite,bartlett,5000,0,807,-0.1614,-0.17159867370405898,-0.151201326295941,2.3432762717119234e-243
g04-k001-r00,mean_unbiased_oracle,bartlett,5000,0,1658,-0.3316,-0.34465088565209506,-0.31854911434790495,0.0
g05-k001-r00,oracle,bartlett,5000,0,760,-0.152,-0.16195254667696019,-0.1420474533230398,3.2978681700337323e-229
g05-k001-r00,tail_known_lrv,bartlett,5000,0,740,-0.148,-0.15784385386989275,-0.13815614613010724,3.458065414261291e-223
g05-k001-r00,tail_plugin_lrv,bartlett,5000,0,694,-0.1388,-0.1483843187015142,-0.12921568129848582,2.4333972048578046e-209
g05-k001-r00,tail_known_finite,bartlett,5000,0,735,-0.147,-0.15681629691161647,-0.1371837030883835,1.1065809325636131e-221
g05-k001-r00,tail_plugin_finite,bartlett,5000,0,685,-0.137,-0.14653191551592232,-0.1274680844840777,1.245899368887196e-206
g05-k001-r00,mean_unbiased_oracle,bartlett,5000,0,749,-0.1498,-0.15969306722018023,-0.13990693277981975,6.754034012229084e-226
g05-k020-r00,oracle,bartlett,5000,0,3817,-0.7634,-0.7751814284733293,-0.7516185715266707,0.0
g05-k020-r00,tail_known_lrv,bartlett,5000,0,3682,-0.7364,-0.7486136113411718,-0.7241863886588283,0.0
g05-k020-r00,tail_plugin_lrv,bartlett,5000,0,3385,-0.677,-0.6899631366305482,-0.6640368633694519,0.0
g05-k020-r00,tail_known_finite,bartlett,5000,0,3661,-0.7322,-0.7444753717027749,-0.719924628297225,0.0
g05-k020-r00,tail_plugin_finite,bartlett,5000,0,3357,-0.6714,-0.6844208384607,-0.6583791615393,0.0
g05-k020-r00,mean_unbiased_oracle,bartlett,5000,0,3719,-0.7438,-0.7559013034871628,-0.7316986965128373,0.0
g05-k100-r00,oracle,bartlett,5000,0,4717,-0.9434,-0.9498057598716083,-0.9369942401283917,0.0
g05-k100-r00,tail_known_lrv,bartlett,5000,0,4398,-0.8796,-0.8886213255795279,-0.8705786744204722,0.0
g05-k100-r00,tail_plugin_lrv,bartlett,5000,0,3766,-0.7532,-0.7651520454601435,-0.7412479545398565,0.0
g05-k100-r00,tail_known_finite,bartlett,5000,0,4342,-0.8684,-0.8777713542477534,-0.8590286457522465,0.0
g05-k100-r00,tail_plugin_finite,bartlett,5000,0,3722,-0.7444,-0.7564919992050013,-0.7323080007949986,0.0
g05-k100-r00,mean_unbiased_oracle,bartlett,5000,0,4461,-0.8922,-0.9007971596729436,-0.8836028403270564,0.0
g05-k020-r35,oracle,bartlett,5000,0,2685,-0.537,-0.5508226764122091,-0.523177323587791,0.0
g05-k020-r35,tail_known_lrv,bartlett,5000,0,2534,-0.5068,-0.5206593971535955,-0.4929406028464045,0.0
g05-k020-r35,tail_plugin_lrv,bartlett,5000,0,2314,-0.4628,-0.47662226389008,-0.44897773610992,0.0
g05-k020-r35,tail_known_finite,bartlett,5000,0,2516,-0.5032,-0.5170603951788577,-0.48933960482114225,0.0
g05-k020-r35,tail_plugin_finite,bartlett,5000,0,2299,-0.4598,-0.4736158075933002,-0.4459841924066998,0.0
g05-k020-r35,mean_unbiased_oracle,bartlett,5000,0,2568,-0.5136,-0.5274555507573736,-0.4997444492426263,0.0
g05-k100-r35,oracle,bartlett,5000,0,3558,-0.7116,-0.72415827823116,-0.69904172176884,0.0
g05-k100-r35,tail_known_lrv,bartlett,5000,0,3329,-0.6658,-0.6788764428827909,-0.652723557117209,0.0
g05-k100-r35,tail_plugin_lrv,bartlett,5000,0,2909,-0.5818,-0.5954739307355109,-0.568126069264489,0.0
g05-k100-r35,tail_known_finite,bartlett,5000,0,3302,-0.6604,-0.6735280999962181,-0.6472719000037819,0.0
g05-k100-r35,tail_plugin_finite,bartlett,5000,0,2884,-0.5768,-0.5904961958732883,-0.5631038041267117,0.0
g05-k100-r35,mean_unbiased_oracle,bartlett,5000,0,3370,-0.674,-0.686994310836009,-0.661005689163991,0.0
g06-k020-r35,oracle,bartlett,5000,0,3615,-0.723,-0.7354057646003406,-0.7105942353996594,0.0
g06-k020-r35,tail_known_lrv,bartlett,5000,0,3213,-0.6426,-0.6558850177092809,-0.629314982290719,0.0
g06-k020-r35,tail_plugin_lrv,bartlett,5000,0,2460,-0.492,-0.5058589047679921,-0.47814109523200793,0.0
g06-k020-r35,tail_known_finite,bartlett,5000,0,3116,-0.6232,-0.6366333296509951,-0.6097666703490049,0.0
g06-k020-r35,tail_plugin_finite,bartlett,5000,0,2420,-0.484,-0.49785358056312096,-0.470146419436879,0.0
g06-k020-r35,mean_unbiased_oracle,bartlett,5000,0,3331,-0.6662,-0.6792725401188994,-0.6531274598811007,0.0
g07-k020-r35,oracle,bartlett,5000,0,3791,-0.7582,-0.7700695578453407,-0.7463304421546593,0.0
g07-k020-r35,tail_known_lrv,bartlett,5000,0,3609,-0.7218,-0.7342222854514927,-0.7093777145485073,0.0
g07-k020-r35,tail_plugin_lrv,bartlett,5000,0,3182,-0.6364,-0.6497349541181463,-0.6230650458818536,0.0
g07-k020-r35,tail_known_finite,bartlett,5000,0,3567,-0.7134,-0.7259348502087082,-0.7008651497912919,0.0
g07-k020-r35,tail_plugin_finite,bartlett,5000,0,3149,-0.6298,-0.6431854827382814,-0.6164145172617187,0.0
g07-k020-r35,mean_unbiased_oracle,bartlett,5000,0,3650,-0.73,-0.7423071591048888,-0.7176928408951112,0.0
g08-k020-r35,oracle,bartlett,5000,0,3939,-0.7878,-0.79913431246168,-0.7764656875383199,0.0
g08-k020-r35,tail_known_lrv,bartlett,5000,0,3813,-0.7626,-0.7743951443654972,-0.7508048556345027,0.0
g08-k020-r35,tail_plugin_lrv,bartlett,5000,0,3527,-0.7054,-0.7180371343279086,-0.6927628656720914,0.0
g08-k020-r35,tail_known_finite,bartlett,5000,0,3785,-0.757,-0.7688895544332378,-0.7451104455667622,0.0
g08-k020-r35,tail_plugin_finite,bartlett,5000,0,3495,-0.699,-0.7117155848036721,-0.6862844151963278,0.0
g08-k020-r35,mean_unbiased_oracle,bartlett,5000,0,3832,-0.7664,-0.778129477600548,-0.754670522399452,0.0
