cell,group,n_obs,phi,k,rho,method,n_mc,reject_count,rate,ci_low,ci_high,selected_variance_ratio_mean,column_mean_variance_ratio
g01-k001-r00,1,200,0.0,1,0.0,oracle,5000,232,0.0464,0.040909582282313894,0.052586876922241926,1.0,1.0
g01-k001-r00,1,200,0.0,1,0.0,bartlett,5000,254,0.0508,0.04505083668536068,0.05723886674207865,0.9793288680656728,0.9793288680656728
g01-k001-r00,1,200,0.0,1,0.0,tail_known_lrv,5000,254,0.0508,0.04505083668536068,0.05723886674207865,0.9793288680656728,0.9793288680656728
g01-k001-r00,1,200,0.0,1,0.0,tail_plugin_lrv,5000,254,0.0508,0.04505083668536068,0.05723886674207865,0.9820389292840022,0.9820389292840022
g01-k001-r00,1,200,0.0,1,0.0,tail_known_finite,5000,254,0.0508,0.04505083668536068,0.05723886674207865,0.9793288680656728,0.9793288680656728
g01-k001-r00,1,200,0.0,1,0.0,tail_plugin_finite,5000,254,0.0508,0.04505083668536068,0.05723886674207865,0.9819711593217344,0.9819711593217344
g01-k001-r00,1,200,0.0,1,0.0,mean_unbiased_oracle,5000,237,0.0474,0.04184958432057469,0.05364533948009102,1.0042338679918716,1.0042338679918716
g02-k001-r00,2,200,0.7,1,0.0,oracle,5000,225,0.045,0.03959482746331551,0.05110378130668648,1.0,1.0
g02-k001-r00,2,200,0.7,1,0.0,bartlett,5000,593,0.1186,0.10992972623688407,0.12785587680680552,0.5266004912393832,0.5266004912393832
g02-k001-r00,2,200,0.7,1,0.0,tail_known_lrv,5000,281,0.0562,0.05015038614349224,0.06293102610294048,0.969344684436437,0.969344684436437
g02-k001-r00,2,200,0.7,1,0.0,tail_plugin_lrv,5000,306,0.0612,0.05488694601595171,0.06818678921103043,0.9741099742534698,0.9741099742534698
g02-k001-r00,2,200,0.7,1,0.0,tail_known_finite,5000,286,0.0572,0.0510966231678006,0.063983253674742,0.9560399534735842,0.9560399534735842
g02-k001-r00,2,200,0.7,1,0.0,tail_plugin_finite,5000,309,0.0618,0.05545620400945182,0.06881660997519626,0.9603308923763945,0.9603308923763945
g02-k001-r00,2,200,0.7,1,0.0,mean_unbiased_oracle,5000,262,0.0524,0.046559956706276516,0.05892729007493864,1.007362069395395,1.007362069395395
g03-k001-r00,3,200,0.9,1,0.0,oracle,5000,231,0.0462,0.0407216699236964,0.05237509636163745,1.0,1.0
g03-k001-r00,3,200,0.9,1,0.0,bartlett,5000,1151,0.2302,0.21874154426995504,0.2420727076995978,0.20771876149726887,0.20771876149726887
g03-k001-r00,3,200,0.9,1,0.0,tail_known_lrv,5000,293,0.0586,0.052422276742432335,0.0654554505346641,0.9269587068066132,0.9269587068066132
g03-k001-r00,3,200,0.9,1,0.0,tail_plugin_lrv,5000,388,0.0776,0.07050431033130894,0.08534424427187531,0.891660270179945,0.891660270179945
g03-k001-r00,3,200,0.9,1,0.0,tail_known_finite,5000,316,0.0632,0.05678516000428789,0.07028550441491403,0.8830501365151724,0.8830501365151724
g03-k001-r00,3,200,0.9,1,0.0,tail_plugin_finite,5000,414,0.0828,0.07547796479300165,0.09076260570995401,0.848091612945086,0.848091612945086
g03-k001-r00,3,200,0.9,1,0.0,mean_unbiased_oracle,5000,267,0.0534,0.047503970713696914,0.05998174066362813,0.9959858149992445,0.9959858149992445
g04-k001-r00,4,200,0.99,1,0.0,oracle,5000,248,0.0496,0.04392008579235035,0.05597146011975712,1.0,1.0
g04-k001-r00,4,200,0.99,1,0.0,bartlett,5000,2078,0.4156,0.40200971926571155,0.42931986882261425,0.018145093836836323,0.018145093836836323
g04-k001-r00,4,200,0.99,1,0.0,tail_known_lrv,5000,563,0.1126,0.10413395055837733,0.12166086490865295,0.7338282794340087,0.7338282794340087
g04-k001-r00,4,200,0.99,1,0.0,tail_plugin_lrv,5000,1184,0.2368,0.22522138237278885,0.24878273593108932,0.31773807012009025,0.31773807012009025
g04-k001-r00,4,200,0.99,1,0.0,tail_known_finite,5000,855,0.171,0.16081741923937043,0.18168772864047722,0.4176699361665093,0.4176699361665093
g04-k001-r00,4,200,0.99,1,0.0,tail_plugin_finite,5000,1271,0.2542,0.2423231155891033,0.26645428668708676,0.23835037498274256,0.23835037498274256
g04-k001-r00,4,200,0.99,1,0.0,mean_unbiased_oracle,5000,420,0.084,0.07662702679404382,0.09201170122424374,0.996583443241313,0.996583443241313
g05-k001-r00,5,512,0.9,1,0.0,oracle,5000,253,0.0506,0.044862312290198145,0.0570276982180192,1.0,1.0
g05-k001-r00,5,512,0.9,1,0.0,bartlett,5000,1013,0.2026,0.1916893350667882,0.21396729405013182,0.25273149211296064,0.25273149211296064
g05-k001-r00,5,512,0.9,1,0.0,tail_known_lrv,5000,273,0.0546,0.048637586499460476,0.061246282393196426,0.9714090483643798,0.9714090483643798
g05-k001-r00,5,512,0.9,1,0.0,tail_plugin_lrv,5000,319,0.0638,0.0573550015033846,0.07091474167348322,0.9637558603748888,0.9637558603748888
g05-k001-r00,5,512,0.9,1,0.0,tail_known_finite,5000,278,0.0556,0.049582913854809285,0.06229941963395749,0.9534347855451375,0.9534347855451375
g05-k001-r00,5,512,0.9,1,0.0,tail_plugin_finite,5000,328,0.0656,0.05906553769029381,0.07280144175957183,0.9455001459771957,0.9455001459771957
g05-k001-r00,5,512,0.9,1,0.0,mean_unbiased_oracle,5000,264,0.0528,0.04693748851677059,0.05934914410288852,1.001057222645306,1.001057222645306
g05-k020-r00,5,512,0.9,20,0.0,oracle,5000,281,0.0562,0.05015038614349224,0.06293102610294048,1.0,1.0
g05-k020-r00,5,512,0.9,20,0.0,bartlett,5000,4098,0.8196,0.8086977472125907,0.8300115377041288,0.2355889637709079,0.25245623545757145
g05-k020-r00,5,512,0.9,20,0.0,tail_known_lrv,5000,416,0.0832,0.07586093314234772,0.0911790231990519,0.9055193287885152,0.9703510606817523
g05-k020-r00,5,512,0.9,20,0.0,tail_plugin_lrv,5000,713,0.1426,0.13318218677190888,0.15256656657841802,0.7911484496496388,0.9610045839553659
g05-k020-r00,5,512,0.9,20,0.0,tail_known_finite,5000,437,0.0874,0.07988520275826139,0.09554830488679977,0.8887642425239248,0.9523963741148611
g05-k020-r00,5,512,0.9,20,0.0,tail_plugin_finite,5000,741,0.1482,0.13862197376386604,0.15831818132467618,0.778999456523476,0.9428626569151447
g05-k020-r00,5,512,0.9,20,0.0,mean_unbiased_oracle,5000,379,0.0758,0.06878488793016559,0.0834664304000209,0.9331564965911759,0.999966944339841
g05-k100-r00,5,512,0.9,100,0.0,oracle,5000,270,0.054,0.048070671178201296,0.06061411895678967,1.0,1.0
g05-k100-r00,5,512,0.9,100,0.0,bartlett,5000,4987,0.9974,0.9955564171048898,0.9984798730001674,0.22040549616644453,0.25250248224958793
g05-k100-r00,5,512,0.9,100,0.0,tail_known_lrv,5000,589,0.1178,0.10915651997897706,0.12703031138782464,0.8471595347905008,0.9705288167336281
g05-k100-r00,5,512,0.9,100,0.0,tail_plugin_lrv,5000,1221,0.2442,0.2324913154552801,0.2563014408598112,0.6742602618774208,0.9610112705161313
g05-k100-r00,5,512,0.9,100,0.0,tail_known_finite,5000,645,0.129,0.11999292074718372,0.13857671409604871,0.8314842966878803,0.9525708410950534
g05-k100-r00,5,512,0.9,100,0.0,tail_plugin_finite,5000,1265,0.253,0.24114285040842556,0.2652363943524327,0.6648805132910791,0.9428748193939757
g05-k100-r00,5,512,0.9,100,0.0,mean_unbiased_oracle,5000,526,0.1052,0.0969967429047616,0.11400943455105553,0.873015515413193,1.0001501256473437
g05-k020-r35,5,512,0.9,20,0.35,oracle,5000,254,0.0508,0.04505083668536068,0.05723886674207865,1.0,1.0
g05-k020-r35,5,512,0.9,20,0.35,bartlett,5000,2939,0.5878,0.5740939764060893,0.6013712151323587,0.23794299151162127,0.25237002260464425
g05-k020-r35,5,512,0.9,20,0.35,tail_known_lrv,5000,405,0.081,0.07375526540604449,0.0888880688239134,0.914567365613335,0.9700196894516826
g05-k020-r35,5,512,0.9,20,0.35,tail_plugin_lrv,5000,625,0.125,0.11611999425786469,0.13445578220092816,0.8177106170336581,0.9610243334694198
g05-k020-r35,5,512,0.9,20,0.35,tail_known_finite,5000,423,0.0846,0.07720173303417406,0.09263607374177939,0.8976448609042064,0.9520711343425848
g05-k020-r35,5,512,0.9,20,0.35,tail_plugin_finite,5000,640,0.128,0.11902440921753857,0.137546761029584,0.8045510835678077,0.9428726732646475
g05-k020-r35,5,512,0.9,20,0.35,mean_unbiased_oracle,5000,371,0.0742,0.06725752374600619,0.08179625123040446,0.9424806866730958,0.9996254593971214
g05-k100-r35,5,512,0.9,100,0.35,oracle,5000,256,0.0512,0.045427963397957266,0.05766112586792603,1.0,1.0
g05-k100-r35,5,512,0.9,100,0.35,bartlett,5000,3814,0.7628,0.7508107229188387,0.7743857729388394,0.22461839995195187,0.2522953258975821
g05-k100-r35,5,512,0.9,100,0.35,tail_known_lrv,5000,485,0.097,0.0891033190865822,0.10551544868113386,0.8633524232307797,0.9697325821485266
g05-k100-r35,5,512,0.9,100,0.35,tail_plugin_lrv,5000,905,0.181,0.17057422013148837,0.1919155737094581,0.6992083421972416,0.9603166144977042
g05-k100-r35,5,512,0.9,100,0.35,tail_known_finite,5000,512,0.1024,0.09429953122956898,0.11111094535714046,0.8473775634259336,0.951789339468969
g05-k100-r35,5,512,0.9,100,0.35,tail_plugin_finite,5000,930,0.186,0.1754572161248639,0.197024900696632,0.6891741827595667,0.9421898708502471
g05-k100-r35,5,512,0.9,100,0.35,mean_unbiased_oracle,5000,444,0.0888,0.08122784547465063,0.09700351260496436,0.8897026236462534,0.9993295893514569
g06-k020-r35,6,256,0.9375,20,0.35,oracle,5000,227,0.0454,0.039970320043562504,0.051527674564883455,1.0,1.0000000000000002
g06-k020-r35,6,256,0.9375,20,0.35,bartlett,5000,3842,0.7684,0.7565036194300018,0.7798842781658916,0.11559481285342868,0.13493726685361002
g06-k020-r35,6,256,0.9375,20,0.35,tail_known_lrv,5000,629,0.1258,0.11689433892891628,0.13528020920676453,0.7922953723222272,0.9248699785299542
g06-k020-r35,6,256,0.9375,20,0.35,tail_plugin_lrv,5000,1382,0.2764,0.26417923347902966,0.28896408283079994,0.5691667336818408,0.8736191891079464
g06-k020-r35,6,256,0.9375,20,0.35,tail_known_finite,5000,726,0.1452,0.13570718619095035,0.15523757510926223,0.7443742844545235,0.8689302658222674
g06-k020-r35,6,256,0.9375,20,0.35,tail_plugin_finite,5000,1422,0.2844,0.27206481591481774,0.297066217163891,0.5454511453040329,0.8188716703630837
g06-k020-r35,6,256,0.9375,20,0.35,mean_unbiased_oracle,5000,511,0.1022,0.09410694680069476,0.1109038368667927,0.8571295269725957,1.0005528176758418
g07-k020-r35,7,1024,0.96875,20,0.35,oracle,5000,256,0.0512,0.045427963397957266,0.05766112586792603,1.0,1.0
g07-k020-r35,7,1024,0.96875,20,0.35,bartlett,5000,4047,0.8094,0.7982771132555532,0.8200478327808455,0.0929062283694741,0.0999454210504706
g07-k020-r35,7,1024,0.96875,20,0.35,tail_known_lrv,5000,438,0.0876,0.08007697237976286,0.09575622818452026,0.8978443041789964,0.9658709495995501
g07-k020-r35,7,1024,0.96875,20,0.35,tail_plugin_lrv,5000,865,0.173,0.16276777066156622,0.18373430641050115,0.7409899627781686,0.9413885090106286
g07-k020-r35,7,1024,0.96875,20,0.35,tail_known_finite,5000,480,0.096,0.08814189353368367,0.1044784096379225,0.8702320289512694,0.9361665850781353
g07-k020-r35,7,1024,0.96875,20,0.35,tail_plugin_finite,5000,898,0.1796,0.16920752000010725,0.1904844234062854,0.7228247154148262,0.9116350179813874
g07-k020-r35,7,1024,0.96875,20,0.35,mean_unbiased_oracle,5000,397,0.0794,0.07222490060832917,0.08722089026785287,0.9318910555162302,1.0024973088600724
g08-k020-r35,8,2048,0.9779029130879204,20,0.35,oracle,5000,243,0.0486,0.042978532307529155,0.05491454900846843,1.0,1.0
g08-k020-r35,8,2048,0.9779029130879204,20,0.35,bartlett,5000,4182,0.8364,0.8258891735847778,0.8463943165465879,0.07795480090976899,0.08216058754521198
g08-k020-r35,8,2048,0.9779029130879204,20,0.35,tail_known_lrv,5000,369,0.0738,0.06687583488616862,0.08137855425179809,0.9240765152744401,0.973931926521869
g08-k020-r35,8,2048,0.9779029130879204,20,0.35,tail_plugin_lrv,5000,655,0.131,0.12193049257152744,0.14063607146392476,0.7999479479971281,0.9541359812491453
g08-k020-r35,8,2048,0.9779029130879204,20,0.35,tail_known_finite,5000,397,0.0794,0.07222490060832917,0.08722089026785287,0.9038852412707201,0.952651300876347
g08-k020-r35,8,2048,0.9779029130879204,20,0.35,tail_plugin_finite,5000,687,0.1374,0.12813549307766525,0.1472212443728902,0.7851533701042696,0.9328994779366793
g08-k020-r35,8,2048,0.9779029130879204,20,0.35,mean_unbiased_oracle,5000,350,0.07,0.06325293934676168,0.07740728432598745,0.9479973074506319,0.9991432838315705
