phase,group,delta,method,mode,reference,n,method_only,reference_only,risk_difference,low,high,mcnemar_p
1,1,0.0,oracle_gaussian,reject,replay_known,1000,16,24,-0.008,-0.02039217759430363,0.004392177594303631,0.26818725105476915
1,1,0.0,gaussian_known,reject,replay_known,1000,43,1,0.042,0.02925597139771556,0.054744028602284445,5.115907697472721e-12
1,1,0.0,gaussian_fitted,reject,replay_known,1000,43,1,0.042,0.02925597139771556,0.054744028602284445,5.115907697472721e-12
1,1,0.0,replay_phi_fitted,reject,replay_known,1000,0,1,-0.001,-0.0029599639845400007,0.0009599639845400006,1.0
1,1,0.0,replay_rho_fitted,reject,replay_known,1000,2,0,0.002,-0.000770420010239998,0.004770420010239998,0.5
1,1,0.0,replay_fitted,reject,replay_known,1000,2,1,0.001,-0.0023958897317685945,0.0043958897317685946,1.0
1,1,0.0,replay_frozen,reject,replay_known,1000,6,0,0.006,0.0012111176877669123,0.010788882312233088,0.03125
1,1,0.0,gls_known,reject,replay_known,1000,17,24,-0.007,-0.01954866722865229,0.005548667228652289,0.34888887944907765
1,2,0.0,oracle_gaussian,reject,replay_known,1000,21,24,-0.003,-0.016153101454779384,0.010153101454779385,0.765991824244793
1,2,0.0,gaussian_known,reject,replay_known,1000,199,0,0.199,0.17424242273177803,0.22375757726822199,2.4892061111444567e-60
1,2,0.0,gaussian_fitted,reject,replay_known,1000,199,0,0.199,0.17424242273177803,0.22375757726822199,2.4892061111444567e-60
1,2,0.0,replay_phi_fitted,reject,replay_known,1000,111,0,0.111,0.09152050396614461,0.1304794960338554,7.703719777548943e-34
1,2,0.0,replay_rho_fitted,reject,replay_known,1000,0,0,0.0,0.0,0.0,1.0
1,2,0.0,replay_fitted,reject,replay_known,1000,111,0,0.111,0.09152050396614461,0.1304794960338554,7.703719777548943e-34
1,2,0.0,replay_frozen,reject,replay_known,1000,158,0,0.158,0.13538222204659828,0.18061777795340173,5.473822126268817e-48
1,2,0.0,gls_known,reject,replay_known,1000,26,30,-0.004,-0.01867226997174779,0.010672269971747791,0.6888797607233395
1,3,0.0,oracle_gaussian,reject,replay_known,1000,23,43,-0.02,-0.035882441581448016,-0.0041175584185519885,0.01865726035402101
1,3,0.0,gaussian_known,reject,replay_known,1000,95,0,0.095,0.07681759031010217,0.11318240968989783,5.048709793414476e-29
1,3,0.0,gaussian_fitted,reject,replay_known,1000,95,0,0.095,0.07681759031010217,0.11318240968989783,5.048709793414476e-29
1,3,0.0,replay_phi_fitted,reject,replay_known,1000,6,0,0.006,0.0012111176877669123,0.010788882312233088,0.03125
1,3,0.0,replay_rho_fitted,reject,replay_known,1000,1,0,0.001,-0.0009599639845400006,0.0029599639845400007,1.0
1,3,0.0,replay_fitted,reject,replay_known,1000,7,0,0.007,0.0018300184747317523,0.012169981525268249,0.015625
1,3,0.0,replay_frozen,reject,replay_known,1000,51,0,0.051,0.03735782736009026,0.06464217263990973,8.881784197001252e-16
1,3,0.0,gls_known,reject,replay_known,1000,24,42,-0.018,-0.03389163911311841,-0.0021083608868815856,0.03558272445223169
1,4,0.0,oracle_gaussian,reject,replay_known,1000,27,13,0.014,0.0016283192174917135,0.02637168078250829,0.03847730828420026
1,4,0.0,oracle_gaussian,matched_reject,replay_known,1000,22,13,0.009,-0.0025876733960940312,0.02058767339609403,0.175465248990804
1,4,0.0,gaussian_known,reject,replay_known,1000,75,0,0.075,0.0586669667955,0.0913330332045,5.293955920339377e-23
1,4,0.0,gaussian_known,matched_reject,replay_known,1000,6,5,0.001,-0.005503422181350463,0.007503422181350463,1.0
1,4,0.0,gaussian_fitted,reject,replay_known,1000,75,0,0.075,0.0586669667955,0.0913330332045,5.293955920339377e-23
1,4,0.0,gaussian_fitted,matched_reject,replay_known,1000,5,5,0.0,-0.006201051624376895,0.006201051624376895,1.0
1,4,0.0,replay_phi_fitted,reject,replay_known,1000,5,0,0.005,0.0006261700969318433,0.009373829903068157,0.0625
1,4,0.0,replay_phi_fitted,matched_reject,replay_known,1000,1,0,0.001,-0.0009599639845400006,0.0029599639845400007,1.0
1,4,0.0,replay_rho_fitted,reject,replay_known,1000,1,1,0.0,-0.002773194592818446,0.002773194592818446,1.0
1,4,0.0,replay_rho_fitted,matched_reject,replay_known,1000,0,1,-0.001,-0.0029599639845400007,0.0009599639845400006,1.0
1,4,0.0,replay_fitted,reject,replay_known,1000,5,0,0.005,0.0006261700969318442,0.009373829903068155,0.0625
1,4,0.0,replay_fitted,matched_reject,replay_known,1000,0,0,0.0,0.0,0.0,1.0
1,4,0.0,replay_frozen,reject,replay_known,1000,29,0,0.029,0.018594236267780694,0.03940576373221931,3.725290298461914e-09
1,4,0.0,replay_frozen,matched_reject,replay_known,1000,7,2,0.005,-0.0008746578215457048,0.010874657821545706,0.1796875
1,4,0.0,gls_known,reject,replay_known,1000,20,18,0.002,-0.010087438749652986,0.014087438749652986,0.8714146793645341
1,4,0.0,gls_known,matched_reject,replay_known,1000,26,14,0.012,-0.0003797593352526628,0.024379759335252663,0.0806904677519924
1,5,0.0,oracle_gaussian,reject,replay_known,1000,26,18,0.008,-0.004997972227545182,0.02099797222754518,0.2912152365458951
1,5,0.0,gaussian_known,reject,replay_known,1000,142,0,0.142,0.12035522064442754,0.16364477935557242,3.587324068671532e-43
1,5,0.0,gaussian_fitted,reject,replay_known,1000,141,0,0.141,0.11941900395500893,0.16258099604499104,7.174648137343064e-43
1,5,0.0,replay_phi_fitted,reject,replay_known,1000,11,0,0.011,0.004532151549865828,0.01746784845013417,0.0009765625
1,5,0.0,replay_rho_fitted,reject,replay_known,1000,1,3,-0.002,-0.0059199279690800004,0.0019199279690800004,0.625
1,5,0.0,replay_fitted,reject,replay_known,1000,12,1,0.011,0.0039626942780961625,0.018037305721903835,0.00341796875
1,5,0.0,replay_frozen,reject,replay_known,1000,69,0,0.069,0.053283178066980894,0.08471682193301912,3.3881317890172014e-21
1,5,0.0,gls_known,reject,replay_known,1000,21,30,-0.009,-0.022992821042650588,0.004992821042650589,0.2624375357110438
1,6,0.0,oracle_gaussian,reject,replay_known,1000,23,27,-0.004,-0.017863754230905117,0.009863754230905117,0.6718110337653656
1,6,0.0,gaussian_known,reject,replay_known,1000,130,0,0.13,0.10914565041731106,0.15085434958268895,1.4693679385278594e-39
1,6,0.0,gaussian_fitted,reject,replay_known,1000,129,0,0.129,0.10821407865500045,0.14978592134499955,2.938735877055719e-39
1,6,0.0,replay_phi_fitted,reject,replay_known,1000,15,0,0.015,0.007462469340414143,0.022537530659585855,6.103515625e-05
1,6,0.0,replay_rho_fitted,reject,replay_known,1000,0,3,-0.003,-0.006391357344387765,0.000391357344387765,0.25
1,6,0.0,replay_fitted,reject,replay_known,1000,14,0,0.014,0.006714358083257333,0.02128564191674267,0.0001220703125
1,6,0.0,replay_frozen,reject,replay_known,1000,66,0,0.066,0.050603898952321535,0.08139610104767847,2.710505431213761e-20
1,6,0.0,gls_known,reject,replay_known,1000,23,33,-0.01,-0.024661258492277092,0.004661258492277092,0.2288055412343561
1,7,0.0,oracle_gaussian,reject,replay_known,1000,20,20,0.0,-0.01240210324875379,0.01240210324875379,1.0
1,7,0.0,oracle_gaussian,matched_reject,replay_known,1000,22,15,0.007,-0.004920060097003578,0.018920060097003578,0.3240086000878364
1,7,0.0,gaussian_known,reject,replay_known,1000,348,0,0.348,0.3184621577513713,0.37753784224862863,3.488120700934677e-105
1,7,0.0,gaussian_known,matched_reject,replay_known,1000,7,6,0.001,-0.006070014732553158,0.008070014732553157,1.0
1,7,0.0,gaussian_fitted,reject,replay_known,1000,258,0,0.258,0.23086829086771718,0.2851317091322828,4.3180842775472223e-78
1,7,0.0,gaussian_fitted,matched_reject,replay_known,1000,8,6,0.002,-0.005336134985873895,0.009336134985873896,0.79052734375
1,7,0.0,replay_phi_fitted,reject,replay_known,1000,247,0,0.247,0.22025692688789936,0.27374307311210067,8.843436600416711e-75
1,7,0.0,replay_phi_fitted,matched_reject,replay_known,1000,34,38,-0.004,-0.02063731865779314,0.012637318657793141,0.7239481457469141
1,7,0.0,replay_rho_fitted,reject,replay_known,1000,11,0,0.011,0.004532151549865828,0.01746784845013417,0.0009765625
1,7,0.0,replay_rho_fitted,matched_reject,replay_known,1000,4,6,-0.002,-0.008199811290006175,0.004199811290006175,0.75390625
1,7,0.0,replay_fitted,reject,replay_known,1000,244,0,0.244,0.2173669344595752,0.27063306554042477,7.074749280333369e-74
1,7,0.0,replay_fitted,matched_reject,replay_known,1000,34,38,-0.004,-0.02063731865779314,0.012637318657793141,0.7239481457469141
1,7,0.0,replay_frozen,reject,replay_known,1000,247,0,0.247,0.22025692688789936,0.27374307311210067,8.843436600416711e-75
1,7,0.0,replay_frozen,matched_reject,replay_known,1000,35,39,-0.004,-0.020866860418305155,0.012866860418305155,0.7275470834894697
2,4,1.0,oracle_gaussian,reject,replay_known,1000,41,21,0.02,0.004609394615908251,0.03539060538409175,0.015134080997447081
2,4,1.0,oracle_gaussian,matched_reject,replay_known,1000,34,20,0.014,-0.0003837666531318236,0.028383766653131824,0.0759047294891014
2,4,1.0,gaussian_known,reject,replay_known,1000,106,0,0.106,0.08691083029347996,0.12508916970652004,2.465190328815662e-32
2,4,1.0,gaussian_known,matched_reject,replay_known,1000,5,8,-0.003,-0.010067838841224391,0.004067838841224391,0.5810546875
2,4,1.0,gaussian_fitted,reject,replay_known,1000,106,0,0.106,0.08691083029347996,0.12508916970652004,2.465190328815662e-32
2,4,1.0,gaussian_fitted,matched_reject,replay_known,1000,2,10,-0.008,-0.014774773061426957,-0.0012252269385730433,0.03857421875
2,4,1.0,replay_phi_fitted,reject,replay_known,1000,1,0,0.001,-0.0009599639845400006,0.0029599639845400007,1.0
2,4,1.0,replay_phi_fitted,matched_reject,replay_known,1000,1,1,0.0,-0.002773194592818446,0.002773194592818446,1.0
2,4,1.0,replay_rho_fitted,reject,replay_known,1000,1,4,-0.003,-0.00738085755154973,0.0013808575515497296,0.375
2,4,1.0,replay_rho_fitted,matched_reject,replay_known,1000,1,2,-0.001,-0.004395889731768594,0.002395889731768594,1.0
2,4,1.0,replay_fitted,reject,replay_known,1000,2,0,0.002,-0.000770420010239998,0.004770420010239998,0.5
2,4,1.0,replay_fitted,matched_reject,replay_known,1000,1,5,-0.004,-0.00879690524014341,0.0007969052401434083,0.21875
2,4,1.0,replay_frozen,reject,replay_known,1000,41,0,0.041,0.02870392286606221,0.05329607713393779,9.094947017729282e-13
2,4,1.0,replay_frozen,matched_reject,replay_known,1000,6,5,0.001,-0.005503422181350464,0.007503422181350464,1.0
2,4,1.0,gls_known,reject,replay_known,1000,34,28,0.006,-0.00943601065010866,0.02143601065010866,0.52577336017565
2,4,1.0,gls_known,matched_reject,replay_known,1000,40,19,0.021,0.005994095687188325,0.03600590431281168,0.008641499683281734
2,4,2.0,oracle_gaussian,reject,replay_known,1000,103,32,0.071,0.04864531640220962,0.09335468359779037,6.796791472915328e-10
2,4,2.0,oracle_gaussian,matched_reject,replay_known,1000,91,32,0.059,0.03756202193083008,0.08043797806916991,9.738842158273571e-08
2,4,2.0,gaussian_known,reject,replay_known,1000,148,0,0.148,0.12598006655497926,0.17001993344502073,5.605193857299268e-45
2,4,2.0,gaussian_known,matched_reject,replay_known,1000,10,12,-0.002,-0.011196809747380491,0.007196809747380491,0.8318119049072266
2,4,2.0,gaussian_fitted,reject,replay_known,1000,148,0,0.148,0.12598006655497926,0.17001993344502073,5.605193857299268e-45
2,4,2.0,gaussian_fitted,matched_reject,replay_known,1000,8,13,-0.005,-0.013980827023057113,0.003980827023057114,0.38331031799316406
2,4,2.0,replay_phi_fitted,reject,replay_known,1000,8,0,0.008,0.002475840920596018,0.013524159079403983,0.0078125
2,4,2.0,replay_phi_fitted,matched_reject,replay_known,1000,6,3,0.003,-0.0028798919536200005,0.00887989195362,0.5078125
2,4,2.0,replay_rho_fitted,reject,replay_known,1000,2,4,-0.002,-0.006801712562452392,0.0028017125624523916,0.6875
2,4,2.0,replay_rho_fitted,matched_reject,replay_known,1000,1,1,0.0,-0.002773194592818446,0.002773194592818446,1.0
2,4,2.0,replay_fitted,reject,replay_known,1000,12,0,0.012,0.005247968772002687,0.018752031227997314,0.00048828125
2,4,2.0,replay_fitted,matched_reject,replay_known,1000,3,3,0.0,-0.004803313934036832,0.004803313934036832,1.0
2,4,2.0,replay_frozen,reject,replay_known,1000,69,0,0.069,0.053283178066980894,0.08471682193301912,3.3881317890172014e-21
2,4,2.0,replay_frozen,matched_reject,replay_known,1000,10,10,0.0,-0.008769611308169514,0.008769611308169514,1.0
2,4,2.0,gls_known,reject,replay_known,1000,81,45,0.036,0.014101945164435373,0.05789805483556462,0.00170949278392137
2,4,2.0,gls_known,matched_reject,replay_known,1000,98,34,0.064,0.04182276440173809,0.0861772355982619,2.2257082505241457e-08
2,4,3.0,oracle_gaussian,reject,replay_known,1000,185,39,0.146,0.11808259286332701,0.17391740713667297,6.234566426905763e-24
2,4,3.0,oracle_gaussian,matched_reject,replay_known,1000,175,42,0.133,0.10531586356012264,0.1606841364398774,1.711749914428589e-20
2,4,3.0,gaussian_known,reject,replay_known,1000,204,0,0.204,0.17901168543089457,0.2289883145691054,7.778769097326427e-62
2,4,3.0,gaussian_known,matched_reject,replay_known,1000,26,21,0.005,-0.008439983677942468,0.01843998367794247,0.5600646295802106
2,4,3.0,gaussian_fitted,reject,replay_known,1000,206,0,0.206,0.18092105815884865,0.23107894184115133,1.9446922743316068e-62
2,4,3.0,gaussian_fitted,matched_reject,replay_known,1000,25,25,0.0,-0.013865972964092229,0.013865972964092229,1.0
2,4,3.0,replay_phi_fitted,reject,replay_known,1000,12,3,0.009,0.0014258272901807494,0.01657417270981925,0.03515625
2,4,3.0,replay_phi_fitted,matched_reject,replay_known,1000,10,6,0.004,-0.0038398559381600007,0.011839855938160001,0.454498291015625
2,4,3.0,replay_rho_fitted,reject,replay_known,1000,4,8,-0.004,-0.010788381591500857,0.0027883815915008565,0.3876953125
2,4,3.0,replay_rho_fitted,matched_reject,replay_known,1000,8,7,0.001,-0.0065944530130981885,0.008594453013098188,1.0
2,4,3.0,replay_fitted,reject,replay_known,1000,13,2,0.011,0.0034359878322957503,0.018564012167704248,0.00738525390625
2,4,3.0,replay_fitted,matched_reject,replay_known,1000,10,7,0.003,-0.005083041654278113,0.011083041654278113,0.629058837890625
2,4,3.0,replay_frozen,reject,replay_known,1000,105,0,0.105,0.08599046410009334,0.12400953589990665,4.930380657631324e-32
2,4,3.0,replay_frozen,matched_reject,replay_known,1000,21,23,-0.002,-0.015006844362700928,0.011006844362700928,0.880395821280672
2,4,3.0,gls_known,reject,replay_known,1000,168,45,0.123,0.09541605226799457,0.15058394773200542,6.884606541565822e-18
2,4,3.0,gls_known,matched_reject,replay_known,1000,194,36,0.158,0.12992107949837933,0.18607892050162067,2.2269916657432302e-27
2,7,1.0,oracle_gaussian,reject,replay_known,1000,44,22,0.022,0.0061277303122198624,0.03787226968778014,0.00921048969455458
2,7,1.0,oracle_gaussian,matched_reject,replay_known,1000,54,22,0.032,0.015020438107465516,0.04897956189253448,0.0003129786008370502
2,7,1.0,gaussian_known,reject,replay_known,1000,508,0,0.508,0.47699871080518275,0.5390012891948173,2.3866690339840662e-153
2,7,1.0,gaussian_known,matched_reject,replay_known,1000,8,17,-0.009,-0.018788826971928657,0.0007888269719286585,0.10775214433670044
2,7,1.0,gaussian_fitted,reject,replay_known,1000,416,0,0.416,0.3854354197591401,0.4465645802408599,1.1818212630765742e-125
2,7,1.0,gaussian_fitted,matched_reject,replay_known,1000,10,19,-0.009,-0.0195452524856275,0.0015452524856275004,0.13604594767093658
2,7,1.0,replay_phi_fitted,reject,replay_known,1000,401,0,0.401,0.3706085833584985,0.43139141664150155,3.8725919148493183e-121
2,7,1.0,replay_phi_fitted,matched_reject,replay_known,1000,64,109,-0.045,-0.07064080483800933,-0.019359195161990663,0.0007735980540424623
2,7,1.0,replay_rho_fitted,reject,replay_known,1000,19,2,0.017,0.00807587014162609,0.02592412985837391,0.00022125244140625
2,7,1.0,replay_rho_fitted,matched_reject,replay_known,1000,5,10,-0.005,-0.01258837461312767,0.0025883746131276702,0.30175781249999994
2,7,1.0,replay_fitted,reject,replay_known,1000,404,0,0.404,0.37357159701216064,0.4344284029878394,4.840739893561648e-122
2,7,1.0,replay_fitted,matched_reject,replay_known,1000,64,109,-0.045,-0.07064080483800933,-0.019359195161990663,0.0007735980540424623
2,7,1.0,replay_frozen,reject,replay_known,1000,407,0,0.407,0.3765357915607655,0.43746420843923445,6.05092486695206e-123
2,7,1.0,replay_frozen,matched_reject,replay_known,1000,60,110,-0.05,-0.07537889755105878,-0.024621102448941216,0.00015491191771918036
2,7,2.0,oracle_gaussian,reject,replay_known,1000,97,26,0.071,0.049702389118506905,0.09229761088149308,7.967669169699199e-11
2,7,2.0,oracle_gaussian,matched_reject,replay_known,1000,110,24,0.086,0.06393575554389974,0.10806424445610024,2.3609723488994263e-14
2,7,2.0,gaussian_known,reject,replay_known,1000,456,0,0.456,0.4251150275632463,0.4868849724367537,1.0748601772107342e-137
2,7,2.0,gaussian_known,matched_reject,replay_known,1000,28,24,0.004,-0.010138397703579322,0.01813839770357932,0.6778086391424605
2,7,2.0,gaussian_fitted,reject,replay_known,1000,414,0,0.414,0.3834568148043213,0.44454318519567865,4.727285052306297e-125
2,7,2.0,gaussian_fitted,matched_reject,replay_known,1000,34,24,0.01,-0.0049212301378607735,0.024921230137860774,0.23704711476271959
2,7,2.0,replay_phi_fitted,reject,replay_known,1000,407,0,0.407,0.3765357915607655,0.43746420843923445,6.05092486695206e-123
2,7,2.0,replay_phi_fitted,matched_reject,replay_known,1000,82,333,-0.251,-0.2877905314806958,-0.2142094685193042,5.886792904120912e-37
2,7,2.0,replay_rho_fitted,reject,replay_known,1000,27,3,0.024,0.013363072409353048,0.03463692759064695,8.430331945419312e-06
2,7,2.0,replay_rho_fitted,matched_reject,replay_known,1000,12,26,-0.014,-0.026056860168992897,-0.0019431398310071051,0.03355243967962451
2,7,2.0,replay_fitted,reject,replay_known,1000,406,0,0.406,0.37554759576063357,0.4364524042393665,1.210184973390412e-122
2,7,2.0,replay_fitted,matched_reject,replay_known,1000,84,333,-0.249,-0.2859469771294828,-0.2120530228705172,3.6907967002582444e-36
2,7,2.0,replay_frozen,reject,replay_known,1000,408,0,0.408,0.3775241181080478,0.43847588189195214,3.02546243347603e-123
2,7,2.0,replay_frozen,matched_reject,replay_known,1000,82,337,-0.255,-0.2918936515891652,-0.21810634841083482,8.789645883812597e-38
2,7,3.0,oracle_gaussian,reject,replay_known,1000,58,18,0.04,0.023085786246871725,0.05691421375312827,4.713242239575157e-06
2,7,3.0,oracle_gaussian,matched_reject,replay_known,1000,64,15,0.049,0.031837644373309645,0.06616235562669036,2.3034395557043568e-08
2,7,3.0,gaussian_known,reject,replay_known,1000,198,0,0.198,0.17328929556235365,0.22271070443764637,4.9784122222889134e-60
2,7,3.0,gaussian_known,matched_reject,replay_known,1000,18,18,0.0,-0.011765668212790736,0.011765668212790736,1.0
2,7,3.0,gaussian_fitted,reject,replay_known,1000,187,0,0.187,0.16282138483286696,0.21117861516713304,1.0195788231247695e-56
2,7,3.0,gaussian_fitted,matched_reject,replay_known,1000,20,16,0.004,-0.00776305332927966,0.015763053329279658,0.617719317029696
2,7,3.0,replay_phi_fitted,reject,replay_known,1000,186,0,0.186,0.161871294570283,0.210128705429717,2.039157646249539e-56
2,7,3.0,replay_phi_fitted,matched_reject,replay_known,1000,40,594,-0.554,-0.5894645943775227,-0.5185354056224774,1.271573005546301e-127
2,7,3.0,replay_rho_fitted,reject,replay_known,1000,13,1,0.012,0.004700648388145124,0.01929935161185488,0.0018310546875
2,7,3.0,replay_rho_fitted,matched_reject,replay_known,1000,3,28,-0.025,-0.035807456351582875,-0.014192543648417126,4.649162292480469e-06
2,7,3.0,replay_fitted,reject,replay_known,1000,185,0,0.185,0.16092146745709895,0.20907853254290104,4.078315292499078e-56
2,7,3.0,replay_fitted,matched_reject,replay_known,1000,39,594,-0.555,-0.5903500736627658,-0.5196499263372343,1.6016293375546865e-128
2,7,3.0,replay_frozen,reject,replay_known,1000,185,0,0.185,0.16092146745709895,0.20907853254290104,4.078315292499078e-56
2,7,3.0,replay_frozen,matched_reject,replay_known,1000,38,601,-0.563,-0.5981895884121923,-0.5278104115878076,2.367090397036996e-131
