phase,group,delta,method,mode,n,rejections,rate,low,high,reject_select_signal,signal_rate,family_upper,passes_tolerance
1,1,0.0,oracle_gaussian,reject,1000,43,0.043,0.03207865341171336,0.057419003844084014,3,0.003,,
1,1,0.0,gaussian_known,reject,1000,93,0.093,0.07652372564174531,0.11259125576549656,4,0.004,,
1,1,0.0,gaussian_fitted,reject,1000,93,0.093,0.07652372564174531,0.11259125576549656,4,0.004,,
1,1,0.0,replay_known,reject,1000,51,0.051,0.03900094277526684,0.06643548634476165,2,0.002,,
1,1,0.0,replay_phi_fitted,reject,1000,50,0.05,0.03813026239274882,0.06531382024425081,1,0.001,,
1,1,0.0,replay_rho_fitted,reject,1000,53,0.053,0.04074650524859452,0.06867461683749176,2,0.002,,
1,1,0.0,replay_fitted,reject,1000,52,0.052,0.03987303628377742,0.06755573931927998,1,0.001,0.07126724182104044,0
1,1,0.0,replay_frozen,reject,1000,57,0.057,0.04425344035871594,0.07313706765948591,2,0.002,,
1,1,0.0,gls_known,reject,1000,44,0.044,0.0329382145884185,0.058551789150407776,3,0.003,,
1,2,0.0,oracle_gaussian,reject,1000,52,0.052,0.03987303628377742,0.06755573931927998,52,0.052,,
1,2,0.0,gaussian_known,reject,1000,254,0.254,0.2279970750986118,0.2818856900762812,254,0.254,,
1,2,0.0,gaussian_fitted,reject,1000,254,0.254,0.2279970750986118,0.2818856900762812,254,0.254,,
1,2,0.0,replay_known,reject,1000,55,0.055,0.04249742737476844,0.07090838767737563,55,0.055,,
1,2,0.0,replay_phi_fitted,reject,1000,166,0.166,0.1442254718306115,0.19033080283773937,166,0.166,,
1,2,0.0,replay_rho_fitted,reject,1000,55,0.055,0.04249742737476844,0.07090838767737563,55,0.055,,
1,2,0.0,replay_fitted,reject,1000,166,0.166,0.1442254718306115,0.19033080283773937,166,0.166,0.19605605493508588,0
1,2,0.0,replay_frozen,reject,1000,213,0.213,0.18874695684098677,0.2394496025297219,213,0.213,,
1,2,0.0,gls_known,reject,1000,51,0.051,0.03900094277526684,0.06643548634476165,51,0.051,,
1,3,0.0,oracle_gaussian,reject,1000,46,0.046,0.03466249276326498,0.06081220394161907,3,0.003,,
1,3,0.0,gaussian_known,reject,1000,161,0.161,0.13952453255948705,0.18507000969371934,6,0.006,,
1,3,0.0,gaussian_fitted,reject,1000,161,0.161,0.13952453255948705,0.18507000969371934,6,0.006,,
1,3,0.0,replay_known,reject,1000,66,0.066,0.05221235045948584,0.08310927590597601,3,0.003,,
1,3,0.0,replay_phi_fitted,reject,1000,72,0.072,0.05756392168091441,0.08971178358272076,3,0.003,,
1,3,0.0,replay_rho_fitted,reject,1000,67,0.067,0.05310191960662385,0.08421205324186688,3,0.003,,
1,3,0.0,replay_fitted,reject,1000,73,0.073,0.05845902621241335,0.0908090255342507,3,0.003,0.09503399228579573,0
1,3,0.0,replay_frozen,reject,1000,117,0.117,0.09852838761922869,0.13840290938070654,5,0.005,,
1,3,0.0,gls_known,reject,1000,48,0.048,0.036393301020807914,0.06306608865013393,4,0.004,,
1,4,0.0,oracle_gaussian,reject,1000,57,0.057,0.04425344035871594,0.07313706765948591,6,0.006,,
1,4,0.0,oracle_gaussian,matched_reject,1000,49,0.049,0.037261034647360615,0.06419070150661013,6,0.006,,
1,4,0.0,gaussian_known,reject,1000,118,0.118,0.09945155840122327,0.13947208508174083,9,0.009,,
1,4,0.0,gaussian_known,matched_reject,1000,41,0.041,0.030364971082098315,0.0551479932076413,4,0.004,,
1,4,0.0,gaussian_fitted,reject,1000,118,0.118,0.09945155840122327,0.13947208508174083,9,0.009,,
1,4,0.0,gaussian_fitted,matched_reject,1000,40,0.04,0.02951097368545276,0.05400964412125796,4,0.004,,
1,4,0.0,replay_known,reject,1000,43,0.043,0.03207865341171336,0.057419003844084014,3,0.003,,
1,4,0.0,replay_known,matched_reject,1000,40,0.04,0.02951097368545276,0.05400964412125796,3,0.003,,
1,4,0.0,replay_phi_fitted,reject,1000,48,0.048,0.036393301020807914,0.06306608865013393,3,0.003,,
1,4,0.0,replay_phi_fitted,matched_reject,1000,41,0.041,0.030364971082098315,0.0551479932076413,3,0.003,,
1,4,0.0,replay_rho_fitted,reject,1000,43,0.043,0.03207865341171336,0.057419003844084014,3,0.003,,
1,4,0.0,replay_rho_fitted,matched_reject,1000,39,0.039,0.028658960904180485,0.052869310419501346,3,0.003,,
1,4,0.0,replay_fitted,reject,1000,48,0.048,0.036393301020807914,0.06306608865013393,3,0.003,0.06666621507361786,1
1,4,0.0,replay_fitted,matched_reject,1000,40,0.04,0.02951097368545276,0.05400964412125796,3,0.003,,
1,4,0.0,replay_frozen,reject,1000,72,0.072,0.05756392168091441,0.08971178358272076,7,0.007,,
1,4,0.0,replay_frozen,matched_reject,1000,45,0.045,0.03379951228563171,0.059682837936223455,3,0.003,,
1,4,0.0,gls_known,reject,1000,45,0.045,0.03379951228563171,0.059682837936223455,4,0.004,,
1,4,0.0,gls_known,matched_reject,1000,52,0.052,0.03987303628377742,0.06755573931927998,4,0.004,,
1,5,0.0,oracle_gaussian,reject,1000,61,0.061,0.0477797751260337,0.07758011882428367,0,0.0,,
1,5,0.0,gaussian_known,reject,1000,195,0.195,0.17163009389189862,0.22070422878429005,2,0.002,,
1,5,0.0,gaussian_fitted,reject,1000,194,0.194,0.17068142956732762,0.21966054662583218,2,0.002,,
1,5,0.0,replay_known,reject,1000,53,0.053,0.04074650524859452,0.06867461683749176,0,0.0,,
1,5,0.0,replay_phi_fitted,reject,1000,64,0.064,0.050436200898229526,0.08090073250117454,0,0.0,,
1,5,0.0,replay_rho_fitted,reject,1000,51,0.051,0.03900094277526684,0.06643548634476165,0,0.0,,
1,5,0.0,replay_fitted,reject,1000,64,0.064,0.050436200898229526,0.08090073250117454,0,0.0,0.08491851789826352,0
1,5,0.0,replay_frozen,reject,1000,122,0.122,0.10314874471332984,0.14374428470174982,0,0.0,,
1,5,0.0,gls_known,reject,1000,44,0.044,0.0329382145884185,0.058551789150407776,0,0.0,,
1,6,0.0,oracle_gaussian,reject,1000,56,0.056,0.043374813385442,0.07202334814973096,4,0.004,,
1,6,0.0,gaussian_known,reject,1000,190,0.19,0.1668892700644027,0.2154833201966415,16,0.016,,
1,6,0.0,gaussian_fitted,reject,1000,189,0.189,0.1659418620747839,0.21443838170323143,15,0.015,,
1,6,0.0,replay_known,reject,1000,60,0.06,0.04689647267593196,0.07647107479135655,4,0.004,,
1,6,0.0,replay_phi_fitted,reject,1000,75,0.075,0.06025180497346736,0.0930009397392545,4,0.004,,
1,6,0.0,replay_rho_fitted,reject,1000,57,0.057,0.04425344035871594,0.07313706765948591,3,0.003,,
1,6,0.0,replay_fitted,reject,1000,74,0.074,0.05935499258410698,0.09190540564558597,4,0.004,0.09615237505685953,0
1,6,0.0,replay_frozen,reject,1000,126,0.126,0.10685291068700914,0.14800950466018614,12,0.012,,
1,6,0.0,gls_known,reject,1000,50,0.05,0.03813026239274882,0.06531382024425081,3,0.003,,
1,7,0.0,oracle_gaussian,reject,1000,56,0.056,0.043374813385442,0.07202334814973096,2,0.002,,
1,7,0.0,oracle_gaussian,matched_reject,1000,58,0.058,0.04513327823499824,0.0742495762662325,2,0.002,,
1,7,0.0,gaussian_known,reject,1000,404,0.404,0.3740102086208163,0.43472452900841035,15,0.015,,
1,7,0.0,gaussian_known,matched_reject,1000,52,0.052,0.03987303628377742,0.06755573931927998,1,0.001,,
1,7,0.0,gaussian_fitted,reject,1000,314,0.314,0.28599234617462493,0.3434312079820016,11,0.011,,
1,7,0.0,gaussian_fitted,matched_reject,1000,53,0.053,0.04074650524859452,0.06867461683749176,1,0.001,,
1,7,0.0,replay_known,reject,1000,56,0.056,0.043374813385442,0.07202334814973096,1,0.001,,
1,7,0.0,replay_known,matched_reject,1000,51,0.051,0.03900094277526684,0.06643548634476165,0,0.0,,
1,7,0.0,replay_phi_fitted,reject,1000,303,0.303,0.27531542432193984,0.3321923185213688,11,0.011,,
1,7,0.0,replay_phi_fitted,matched_reject,1000,47,0.047,0.0355271051063845,0.06193993808152845,2,0.002,,
1,7,0.0,replay_rho_fitted,reject,1000,67,0.067,0.05310191960662385,0.08421205324186688,1,0.001,,
1,7,0.0,replay_rho_fitted,matched_reject,1000,49,0.049,0.037261034647360615,0.06419070150661013,0,0.0,,
1,7,0.0,replay_fitted,reject,1000,300,0.3,0.2724068424770048,0.3291238609172172,11,0.011,,
1,7,0.0,replay_fitted,matched_reject,1000,47,0.047,0.0355271051063845,0.06193993808152845,2,0.002,,
1,7,0.0,replay_frozen,reject,1000,303,0.303,0.27531542432193984,0.3321923185213688,11,0.011,,
1,7,0.0,replay_frozen,matched_reject,1000,47,0.047,0.0355271051063845,0.06193993808152845,2,0.002,,
2,4,1.0,oracle_gaussian,reject,1000,86,0.086,0.07016852477576035,0.10500003125027926,46,0.046,,
2,4,1.0,oracle_gaussian,matched_reject,1000,77,0.077,0.062047907060605895,0.09518953061817373,43,0.043,,
2,4,1.0,gaussian_known,reject,1000,172,0.172,0.14987640210972414,0.19663395145680002,79,0.079,,
2,4,1.0,gaussian_known,matched_reject,1000,60,0.06,0.04689647267593196,0.07647107479135655,31,0.031,,
2,4,1.0,gaussian_fitted,reject,1000,172,0.172,0.14987640210972414,0.19663395145680002,78,0.078,,
2,4,1.0,gaussian_fitted,matched_reject,1000,55,0.055,0.04249742737476844,0.07090838767737563,29,0.029,,
2,4,1.0,replay_known,reject,1000,66,0.066,0.05221235045948584,0.08310927590597601,31,0.031,,
2,4,1.0,replay_known,matched_reject,1000,63,0.063,0.049549663211729086,0.0797949237046461,30,0.03,,
2,4,1.0,replay_phi_fitted,reject,1000,67,0.067,0.05310191960662385,0.08421205324186688,31,0.031,,
2,4,1.0,replay_phi_fitted,matched_reject,1000,63,0.063,0.049549663211729086,0.0797949237046461,31,0.031,,
2,4,1.0,replay_rho_fitted,reject,1000,63,0.063,0.049549663211729086,0.0797949237046461,30,0.03,,
2,4,1.0,replay_rho_fitted,matched_reject,1000,62,0.062,0.04866418011998064,0.07868806031336564,30,0.03,,
2,4,1.0,replay_fitted,reject,1000,68,0.068,0.05399245780853015,0.08531386152298948,32,0.032,,
2,4,1.0,replay_fitted,matched_reject,1000,59,0.059,0.04601429821280047,0.07536090277145915,28,0.028,,
2,4,1.0,replay_frozen,reject,1000,107,0.107,0.08932287430802001,0.12768495786162629,50,0.05,,
2,4,1.0,replay_frozen,matched_reject,1000,64,0.064,0.050436200898229526,0.08090073250117454,29,0.029,,
2,4,1.0,gls_known,reject,1000,72,0.072,0.05756392168091441,0.08971178358272076,41,0.041,,
2,4,1.0,gls_known,matched_reject,1000,84,0.084,0.0683588136777643,0.10282504938221758,45,0.045,,
2,4,2.0,oracle_gaussian,reject,1000,266,0.266,0.23954672321443168,0.29424419975680804,238,0.238,,
2,4,2.0,oracle_gaussian,matched_reject,1000,249,0.249,0.22319257656829508,0.2767284561914536,223,0.223,,
2,4,2.0,gaussian_known,reject,1000,343,0.343,0.3142286235426158,0.3729729786218485,276,0.276,,
2,4,2.0,gaussian_known,matched_reject,1000,188,0.188,0.16499470988376858,0.21339318741121788,163,0.163,,
2,4,2.0,gaussian_fitted,reject,1000,343,0.343,0.3142286235426158,0.3729729786218485,275,0.275,,
2,4,2.0,gaussian_fitted,matched_reject,1000,185,0.185,0.16215480378454947,0.2102560540613503,161,0.161,,
2,4,2.0,replay_known,reject,1000,195,0.195,0.17163009389189862,0.22070422878429005,168,0.168,,
2,4,2.0,replay_known,matched_reject,1000,190,0.19,0.1668892700644027,0.2154833201966415,165,0.165,,
2,4,2.0,replay_phi_fitted,reject,1000,203,0.203,0.17922817876013142,0.2290449157802884,175,0.175,,
2,4,2.0,replay_phi_fitted,matched_reject,1000,193,0.193,0.16973301355427384,0.21861661615585704,168,0.168,,
2,4,2.0,replay_rho_fitted,reject,1000,193,0.193,0.16973301355427384,0.21861661615585704,167,0.167,,
2,4,2.0,replay_rho_fitted,matched_reject,1000,190,0.19,0.1668892700644027,0.2154833201966415,165,0.165,,
2,4,2.0,replay_fitted,reject,1000,207,0.207,0.18303292798076143,0.23320955249177389,179,0.179,,
2,4,2.0,replay_fitted,matched_reject,1000,190,0.19,0.1668892700644027,0.2154833201966415,165,0.165,,
2,4,2.0,replay_frozen,reject,1000,264,0.264,0.23761996823603918,0.29218626176914286,221,0.221,,
2,4,2.0,replay_frozen,matched_reject,1000,190,0.19,0.1668892700644027,0.2154833201966415,163,0.163,,
2,4,2.0,gls_known,reject,1000,231,0.231,0.20593646391387108,0.2581223321513576,208,0.208,,
2,4,2.0,gls_known,matched_reject,1000,254,0.254,0.2279970750986118,0.2818856900762812,225,0.225,,
2,4,3.0,oracle_gaussian,reject,1000,605,0.605,0.5743548264576065,0.634841554260427,592,0.592,,
2,4,3.0,oracle_gaussian,matched_reject,1000,577,0.577,0.546142492951032,0.6072681862421924,565,0.565,,
2,4,3.0,gaussian_known,reject,1000,663,0.663,0.6331289213315938,0.6916235554021153,635,0.635,,
2,4,3.0,gaussian_known,matched_reject,1000,449,0.449,0.4184254667345993,0.47996486263092736,433,0.433,,
2,4,3.0,gaussian_fitted,reject,1000,665,0.665,0.6351640508403955,0.6935731188593715,637,0.637,,
2,4,3.0,gaussian_fitted,matched_reject,1000,444,0.444,0.4134777594602898,0.4749508374900924,429,0.429,,
2,4,3.0,replay_known,reject,1000,459,0.459,0.4283302615845422,0.4899835326112734,442,0.442,,
2,4,3.0,replay_known,matched_reject,1000,444,0.444,0.4134777594602898,0.4749508374900924,428,0.428,,
2,4,3.0,replay_phi_fitted,reject,1000,468,0.468,0.43725522419222734,0.4989896883508483,451,0.451,,
2,4,3.0,replay_phi_fitted,matched_reject,1000,448,0.448,0.41743567458435693,0.4789623082981408,432,0.432,,
2,4,3.0,replay_rho_fitted,reject,1000,455,0.455,0.42436684599858754,0.48597756226511246,439,0.439,,
2,4,3.0,replay_rho_fitted,matched_reject,1000,445,0.445,0.41446705005753576,0.4759538933758753,429,0.429,,
2,4,3.0,replay_fitted,reject,1000,470,0.47,0.43923991460215,0.5009896909069833,453,0.453,,
2,4,3.0,replay_fitted,matched_reject,1000,447,0.447,0.4164460077014887,0.4779596286979802,431,0.431,,
2,4,3.0,replay_frozen,reject,1000,564,0.564,0.5330781384432806,0.5944320364705682,545,0.545,,
2,4,3.0,replay_frozen,matched_reject,1000,442,0.442,0.411499555136933,0.4729443488473914,425,0.425,,
2,4,3.0,gls_known,reject,1000,582,0.582,0.5511729797517128,0.612199431856656,570,0.57,,
2,4,3.0,gls_known,matched_reject,1000,602,0.602,0.5713271941320692,0.6318921471368775,589,0.589,,
2,7,1.0,oracle_gaussian,reject,1000,177,0.177,0.1545933794855418,0.20187870649612683,177,0.177,,
2,7,1.0,oracle_gaussian,matched_reject,1000,180,0.18,0.15742689252874323,0.20502223290201207,180,0.18,,
2,7,1.0,gaussian_known,reject,1000,663,0.663,0.6331289213315938,0.6916235554021153,650,0.65,,
2,7,1.0,gaussian_known,matched_reject,1000,139,0.139,0.11893638905078911,0.16182653057578172,133,0.133,,
2,7,1.0,gaussian_fitted,reject,1000,571,0.571,0.5401101233129566,0.6013464769820944,560,0.56,,
2,7,1.0,gaussian_fitted,matched_reject,1000,139,0.139,0.11893638905078911,0.16182653057578172,133,0.133,,
2,7,1.0,replay_known,reject,1000,155,0.155,0.13389362461519208,0.17874683873984096,149,0.149,,
2,7,1.0,replay_known,matched_reject,1000,148,0.148,0.1273389886764658,0.17135504929736503,142,0.142,,
2,7,1.0,replay_phi_fitted,reject,1000,556,0.556,0.5250491625099077,0.5865222405397102,545,0.545,,
2,7,1.0,replay_phi_fitted,matched_reject,1000,103,0.103,0.08565481000508716,0.1233836362324436,101,0.101,,
2,7,1.0,replay_rho_fitted,reject,1000,172,0.172,0.14987640210972414,0.19663395145680002,165,0.165,,
2,7,1.0,replay_rho_fitted,matched_reject,1000,143,0.143,0.12266731749770252,0.16606498806098383,136,0.136,,
2,7,1.0,replay_fitted,reject,1000,559,0.559,0.5280590840830492,0.5894893584156553,548,0.548,,
2,7,1.0,replay_fitted,matched_reject,1000,103,0.103,0.08565481000508716,0.1233836362324436,101,0.101,,
2,7,1.0,replay_frozen,reject,1000,562,0.562,0.5310701383860444,0.5924553435617469,551,0.551,,
2,7,1.0,replay_frozen,matched_reject,1000,98,0.098,0.08108201152335034,0.11799470229903597,96,0.096,,
2,7,2.0,oracle_gaussian,reject,1000,523,0.523,0.4920142012545935,0.553809767855071,523,0.523,,
2,7,2.0,oracle_gaussian,matched_reject,1000,527,0.527,0.4960112345098614,0.5577821205319188,527,0.527,,
2,7,2.0,gaussian_known,reject,1000,908,0.908,0.8884912646437558,0.9243861004320312,908,0.908,,
2,7,2.0,gaussian_known,matched_reject,1000,445,0.445,0.41446705005753576,0.4759538933758753,445,0.445,,
2,7,2.0,gaussian_fitted,reject,1000,866,0.866,0.8434798887827,0.8857189240058736,866,0.866,,
2,7,2.0,gaussian_fitted,matched_reject,1000,451,0.451,0.42040542652712193,0.48196959580446247,451,0.451,,
2,7,2.0,replay_known,reject,1000,452,0.452,0.42139559401833404,0.4829717747962793,452,0.452,,
2,7,2.0,replay_known,matched_reject,1000,441,0.441,0.4105106415843448,0.47194091591695075,441,0.441,,
2,7,2.0,replay_phi_fitted,reject,1000,859,0.859,0.8360535141123197,0.8791988732950519,859,0.859,,
2,7,2.0,replay_phi_fitted,matched_reject,1000,190,0.19,0.1668892700644027,0.2154833201966415,190,0.19,,
2,7,2.0,replay_rho_fitted,reject,1000,476,0.476,0.4451969584283181,0.5069867259789885,476,0.476,,
2,7,2.0,replay_rho_fitted,matched_reject,1000,427,0.427,0.3966791104990976,0.4578795962397934,427,0.427,,
2,7,2.0,replay_fitted,reject,1000,858,0.858,0.8349940829788968,0.8782659579454458,858,0.858,,
2,7,2.0,replay_fitted,matched_reject,1000,192,0.192,0.16878484731114135,0.21757243591596065,192,0.192,,
2,7,2.0,replay_frozen,reject,1000,860,0.86,0.8371133085163773,0.8801314253740229,860,0.86,,
2,7,2.0,replay_frozen,matched_reject,1000,186,0.186,0.1631011791493255,0.21130202517960314,186,0.186,,
2,7,3.0,oracle_gaussian,reject,1000,836,0.836,0.8117726060331938,0.857655812264513,836,0.836,,
2,7,3.0,oracle_gaussian,matched_reject,1000,837,0.837,0.8128247624397997,0.858596002340936,837,0.837,,
2,7,3.0,gaussian_known,reject,1000,994,0.994,0.9869718317581478,0.9972473308581237,994,0.994,,
2,7,3.0,gaussian_known,matched_reject,1000,788,0.788,0.7615898394196515,0.8122059476926687,788,0.788,,
2,7,3.0,gaussian_fitted,reject,1000,983,0.983,0.9729440411597701,0.9893593101431837,983,0.983,,
2,7,3.0,gaussian_fitted,matched_reject,1000,792,0.792,0.7657498688268167,0.8160153042176193,792,0.792,,
2,7,3.0,replay_known,reject,1000,796,0.796,0.769913574238833,0.8198209847377185,796,0.796,,
2,7,3.0,replay_known,matched_reject,1000,788,0.788,0.7615898394196515,0.8122059476926687,788,0.788,,
2,7,3.0,replay_phi_fitted,reject,1000,982,0.982,0.9717267448294926,0.9885842599904322,982,0.982,,
2,7,3.0,replay_phi_fitted,matched_reject,1000,234,0.234,0.20880800256185078,0.2612278329524646,234,0.234,,
2,7,3.0,replay_rho_fitted,reject,1000,808,0.808,0.7824275640840395,0.8312151526888587,808,0.808,,
2,7,3.0,replay_rho_fitted,matched_reject,1000,763,0.763,0.7356684892970144,0.7883186357395835,763,0.763,,
2,7,3.0,replay_fitted,reject,1000,981,0.981,0.9705155440876868,0.9878031142492091,981,0.981,,
2,7,3.0,replay_fitted,matched_reject,1000,233,0.233,0.20785061925196213,0.2601928697793244,233,0.233,,
2,7,3.0,replay_frozen,reject,1000,981,0.981,0.9705155440876868,0.9878031142492091,981,0.981,,
2,7,3.0,replay_frozen,matched_reject,1000,225,0.225,0.20019895514206568,0.25190576202498965,225,0.225,,
