phase,group,delta,method,mode,n,count,rate,low,high
1,1,0.0,gls_known,reject,1000,47,0.047,0.0355271051063845,0.06193993808152845
1,1,0.0,gls_known,false_reject,1000,47,0.047,0.0355271051063845,0.06193993808152845
1,1,0.0,gls_known,signal_reject,1000,0,0.0,2.168404344971009e-19,0.0038267584855551234
1,1,0.0,gls_known_budget,reject,1000,41,0.041,0.030364971082098315,0.0551479932076413
1,1,0.0,gls_known_budget,false_reject,1000,41,0.041,0.030364971082098315,0.0551479932076413
1,1,0.0,gls_known_budget,signal_reject,1000,0,0.0,2.168404344971009e-19,0.0038267584855551234
1,1,0.0,gls_fitted,reject,1000,50,0.05,0.03813026239274882,0.06531382024425081
1,1,0.0,gls_fitted,false_reject,1000,50,0.05,0.03813026239274882,0.06531382024425081
1,1,0.0,gls_fitted,signal_reject,1000,0,0.0,2.168404344971009e-19,0.0038267584855551234
1,1,0.0,uncertainty,reject,1000,0,0.0,2.168404344971009e-19,0.0038267584855551234
1,1,0.0,uncertainty,false_reject,1000,0,0.0,2.168404344971009e-19,0.0038267584855551234
1,1,0.0,uncertainty,signal_reject,1000,0,0.0,2.168404344971009e-19,0.0038267584855551234
1,1,0.0,confidence_set,ci_contains_truth,1000,995,0.995,0.9883490446266249,0.9978624644726756
1,1,0.0,confidence_set,phi1_retained,1000,14,0.014,0.00835757513042392,0.02336203411753566
1,1,0.0,confidence_set,empty_ci,1000,2,0.002,0.000548643588120728,0.007262807863492177
1,2,0.0,gls_known,reject,1000,44,0.044,0.0329382145884185,0.058551789150407776
1,2,0.0,gls_known,false_reject,1000,44,0.044,0.0329382145884185,0.058551789150407776
1,2,0.0,gls_known,signal_reject,1000,0,0.0,2.168404344971009e-19,0.0038267584855551234
1,2,0.0,gls_known_budget,reject,1000,41,0.041,0.030364971082098315,0.0551479932076413
1,2,0.0,gls_known_budget,false_reject,1000,41,0.041,0.030364971082098315,0.0551479932076413
1,2,0.0,gls_known_budget,signal_reject,1000,0,0.0,2.168404344971009e-19,0.0038267584855551234
1,2,0.0,gls_fitted,reject,1000,50,0.05,0.03813026239274882,0.06531382024425081
1,2,0.0,gls_fitted,false_reject,1000,50,0.05,0.03813026239274882,0.06531382024425081
1,2,0.0,gls_fitted,signal_reject,1000,0,0.0,2.168404344971009e-19,0.0038267584855551234
1,2,0.0,uncertainty,reject,1000,0,0.0,2.168404344971009e-19,0.0038267584855551234
1,2,0.0,uncertainty,false_reject,1000,0,0.0,2.168404344971009e-19,0.0038267584855551234
1,2,0.0,uncertainty,signal_reject,1000,0,0.0,2.168404344971009e-19,0.0038267584855551234
1,2,0.0,confidence_set,ci_contains_truth,1000,993,0.993,0.9856216845342334,0.9966051315990092
1,2,0.0,confidence_set,phi1_retained,1000,11,0.011,0.006153174098086638,0.019589395700786275
1,2,0.0,confidence_set,empty_ci,1000,0,0.0,2.168404344971009e-19,0.0038267584855551234
1,3,0.0,gls_known,reject,1000,44,0.044,0.0329382145884185,0.058551789150407776
1,3,0.0,gls_known,false_reject,1000,44,0.044,0.0329382145884185,0.058551789150407776
1,3,0.0,gls_known,signal_reject,1000,0,0.0,2.168404344971009e-19,0.0038267584855551234
1,3,0.0,gls_known_budget,reject,1000,42,0.042,0.031220885546165447,0.056284425226603055
1,3,0.0,gls_known_budget,false_reject,1000,42,0.042,0.031220885546165447,0.056284425226603055
1,3,0.0,gls_known_budget,signal_reject,1000,0,0.0,2.168404344971009e-19,0.0038267584855551234
1,3,0.0,gls_fitted,reject,1000,86,0.086,0.07016852477576035,0.10500003125027926
1,3,0.0,gls_fitted,false_reject,1000,86,0.086,0.07016852477576035,0.10500003125027926
1,3,0.0,gls_fitted,signal_reject,1000,0,0.0,2.168404344971009e-19,0.0038267584855551234
1,3,0.0,uncertainty,reject,1000,0,0.0,2.168404344971009e-19,0.0038267584855551234
1,3,0.0,uncertainty,false_reject,1000,0,0.0,2.168404344971009e-19,0.0038267584855551234
1,3,0.0,uncertainty,signal_reject,1000,0,0.0,2.168404344971009e-19,0.0038267584855551234
1,3,0.0,confidence_set,ci_contains_truth,1000,995,0.995,0.9883490446266249,0.9978624644726756
1,3,0.0,confidence_set,phi1_retained,1000,278,0.278,0.2511220562741525,0.30657702449343394
1,3,0.0,confidence_set,empty_ci,1000,0,0.0,2.168404344971009e-19,0.0038267584855551234
1,4,0.0,gls_known,reject,1000,33,0.033,0.023592927958426907,0.04598126446708159
1,4,0.0,gls_known,false_reject,1000,33,0.033,0.023592927958426907,0.04598126446708159
1,4,0.0,gls_known,signal_reject,1000,0,0.0,2.168404344971009e-19,0.0038267584855551234
1,4,0.0,gls_known_budget,reject,1000,29,0.029,0.02026644815669875,0.04133835833669418
1,4,0.0,gls_known_budget,false_reject,1000,29,0.029,0.02026644815669875,0.04133835833669418
1,4,0.0,gls_known_budget,signal_reject,1000,0,0.0,2.168404344971009e-19,0.0038267584855551234
1,4,0.0,gls_fitted,reject,1000,71,0.071,0.056669695350451466,0.08861366343015481
1,4,0.0,gls_fitted,false_reject,1000,71,0.071,0.056669695350451466,0.08861366343015481
1,4,0.0,gls_fitted,signal_reject,1000,0,0.0,2.168404344971009e-19,0.0038267584855551234
1,4,0.0,uncertainty,reject,1000,0,0.0,2.168404344971009e-19,0.0038267584855551234
1,4,0.0,uncertainty,false_reject,1000,0,0.0,2.168404344971009e-19,0.0038267584855551234
1,4,0.0,uncertainty,signal_reject,1000,0,0.0,2.168404344971009e-19,0.0038267584855551234
1,4,0.0,confidence_set,ci_contains_truth,1000,998,0.998,0.9927371921365079,0.9994513564118793
1,4,0.0,confidence_set,phi1_retained,1000,251,0.251,0.22511381079019804,0.27879191493560834
1,4,0.0,confidence_set,empty_ci,1000,0,0.0,2.168404344971009e-19,0.0038267584855551234
1,5,0.0,gls_known,reject,1000,35,0.035,0.02527226301711295,0.04828662237445333
1,5,0.0,gls_known,false_reject,1000,35,0.035,0.02527226301711295,0.04828662237445333
1,5,0.0,gls_known,signal_reject,1000,0,0.0,2.168404344971009e-19,0.0038267584855551234
1,5,0.0,gls_known_budget,reject,1000,30,0.03,0.0210937388288347,0.042503414147587126
1,5,0.0,gls_known_budget,false_reject,1000,30,0.03,0.0210937388288347,0.042503414147587126
1,5,0.0,gls_known_budget,signal_reject,1000,0,0.0,2.168404344971009e-19,0.0038267584855551234
1,5,0.0,gls_fitted,reject,1000,101,0.101,0.08382401065239914,0.12122974261907385
1,5,0.0,gls_fitted,false_reject,1000,101,0.101,0.08382401065239914,0.12122974261907385
1,5,0.0,gls_fitted,signal_reject,1000,0,0.0,2.168404344971009e-19,0.0038267584855551234
1,5,0.0,uncertainty,reject,1000,1,0.001,0.00017654637062607809,0.0056425585979579355
1,5,0.0,uncertainty,false_reject,1000,1,0.001,0.00017654637062607809,0.0056425585979579355
1,5,0.0,uncertainty,signal_reject,1000,0,0.0,2.168404344971009e-19,0.0038267584855551234
1,5,0.0,confidence_set,ci_contains_truth,1000,1000,1.0,0.996173241514445,1.0
1,5,0.0,confidence_set,phi1_retained,1000,704,0.704,0.6749696568758727,0.7314690256620207
1,5,0.0,confidence_set,empty_ci,1000,0,0.0,2.168404344971009e-19,0.0038267584855551234
1,6,0.0,gls_known,reject,1000,52,0.052,0.03987303628377742,0.06755573931927998
1,6,0.0,gls_known,false_reject,1000,52,0.052,0.03987303628377742,0.06755573931927998
1,6,0.0,gls_known,signal_reject,1000,0,0.0,2.168404344971009e-19,0.0038267584855551234
1,6,0.0,gls_known_budget,reject,1000,45,0.045,0.03379951228563171,0.059682837936223455
1,6,0.0,gls_known_budget,false_reject,1000,45,0.045,0.03379951228563171,0.059682837936223455
1,6,0.0,gls_known_budget,signal_reject,1000,0,0.0,2.168404344971009e-19,0.0038267584855551234
1,6,0.0,gls_fitted,reject,1000,282,0.282,0.25498602521354063,0.3106824414861613
1,6,0.0,gls_fitted,false_reject,1000,282,0.282,0.25498602521354063,0.3106824414861613
1,6,0.0,gls_fitted,signal_reject,1000,0,0.0,2.168404344971009e-19,0.0038267584855551234
1,6,0.0,uncertainty,reject,1000,0,0.0,2.168404344971009e-19,0.0038267584855551234
1,6,0.0,uncertainty,false_reject,1000,0,0.0,2.168404344971009e-19,0.0038267584855551234
1,6,0.0,uncertainty,signal_reject,1000,0,0.0,2.168404344971009e-19,0.0038267584855551234
1,6,0.0,confidence_set,ci_contains_truth,1000,997,0.997,0.9912169859464969,0.9989792161188614
1,6,0.0,confidence_set,phi1_retained,1000,995,0.995,0.9883490446266249,0.9978624644726756
1,6,0.0,confidence_set,empty_ci,1000,2,0.002,0.000548643588120728,0.007262807863492177
1,7,0.0,gls_known,reject,1000,38,0.038,0.02780900450930263,0.05172692033135032
1,7,0.0,gls_known,false_reject,1000,38,0.038,0.02780900450930263,0.05172692033135032
1,7,0.0,gls_known,signal_reject,1000,0,0.0,2.168404344971009e-19,0.0038267584855551234
1,7,0.0,gls_known_budget,reject,1000,37,0.037,0.026961180875554734,0.05058239748206931
1,7,0.0,gls_known_budget,false_reject,1000,37,0.037,0.026961180875554734,0.05058239748206931
1,7,0.0,gls_known_budget,signal_reject,1000,0,0.0,2.168404344971009e-19,0.0038267584855551234
1,7,0.0,gls_fitted,reject,1000,78,0.078,0.06294716759073615,0.09628261657107237
1,7,0.0,gls_fitted,false_reject,1000,78,0.078,0.06294716759073615,0.09628261657107237
1,7,0.0,gls_fitted,signal_reject,1000,0,0.0,2.168404344971009e-19,0.0038267584855551234
1,7,0.0,uncertainty,reject,1000,0,0.0,2.168404344971009e-19,0.0038267584855551234
1,7,0.0,uncertainty,false_reject,1000,0,0.0,2.168404344971009e-19,0.0038267584855551234
1,7,0.0,uncertainty,signal_reject,1000,0,0.0,2.168404344971009e-19,0.0038267584855551234
1,7,0.0,confidence_set,ci_contains_truth,1000,996,0.996,0.9897604437227377,0.9984434118595916
1,7,0.0,confidence_set,phi1_retained,1000,283,0.283,0.25595244098823255,0.3117083721944983
1,7,0.0,confidence_set,empty_ci,1000,0,0.0,2.168404344971009e-19,0.0038267584855551234
1,8,0.0,gls_fitted,reject,1000,341,0.341,0.31227731829126676,0.37093959090713985
1,8,0.0,gls_fitted,false_reject,1000,341,0.341,0.31227731829126676,0.37093959090713985
1,8,0.0,gls_fitted,signal_reject,1000,0,0.0,2.168404344971009e-19,0.0038267584855551234
1,8,0.0,uncertainty,reject,1000,0,0.0,2.168404344971009e-19,0.0038267584855551234
1,8,0.0,uncertainty,false_reject,1000,0,0.0,2.168404344971009e-19,0.0038267584855551234
1,8,0.0,uncertainty,signal_reject,1000,0,0.0,2.168404344971009e-19,0.0038267584855551234
1,8,0.0,confidence_set,ci_contains_truth,1000,0,0.0,2.168404344971009e-19,0.0038267584855551234
1,8,0.0,confidence_set,phi1_retained,1000,0,0.0,2.168404344971009e-19,0.0038267584855551234
1,8,0.0,confidence_set,empty_ci,1000,0,0.0,2.168404344971009e-19,0.0038267584855551234
2,2,1.0,gls_known,reject,1000,62,0.062,0.04866418011998064,0.07868806031336564
2,2,1.0,gls_known,false_reject,1000,31,0.031,0.02192400344715857,0.04366549601229214
2,2,1.0,gls_known,signal_reject,1000,36,0.036,0.02611557140738732,0.049435660467207834
2,2,1.0,gls_known_budget,reject,1000,58,0.058,0.04513327823499824,0.0742495762662325
2,2,1.0,gls_known_budget,false_reject,1000,29,0.029,0.02026644815669875,0.04133835833669418
2,2,1.0,gls_known_budget,signal_reject,1000,32,0.032,0.022757107858710962,0.04482473808376865
2,2,1.0,gls_fitted,reject,1000,72,0.072,0.05756392168091441,0.08971178358272076
2,2,1.0,gls_fitted,false_reject,1000,36,0.036,0.02611557140738732,0.049435660467207834
2,2,1.0,gls_fitted,signal_reject,1000,42,0.042,0.031220885546165447,0.056284425226603055
2,2,1.0,uncertainty,reject,1000,0,0.0,2.168404344971009e-19,0.0038267584855551234
2,2,1.0,uncertainty,false_reject,1000,0,0.0,2.168404344971009e-19,0.0038267584855551234
2,2,1.0,uncertainty,signal_reject,1000,0,0.0,2.168404344971009e-19,0.0038267584855551234
2,2,1.0,confidence_set,ci_contains_truth,1000,997,0.997,0.9912169859464969,0.9989792161188614
2,2,1.0,confidence_set,phi1_retained,1000,9,0.009,0.004742060667477063,0.01701581616533807
2,2,1.0,confidence_set,empty_ci,1000,0,0.0,2.168404344971009e-19,0.0038267584855551234
2,2,2.0,gls_known,reject,1000,214,0.214,0.1897000852144518,0.24048882063928573
2,2,2.0,gls_known,false_reject,1000,31,0.031,0.02192400344715857,0.04366549601229214
2,2,2.0,gls_known,signal_reject,1000,199,0.199,0.175427205789421,0.22487650281888322
2,2,2.0,gls_known_budget,reject,1000,206,0.206,0.18208139113289099,0.23216874285661546
2,2,2.0,gls_known_budget,false_reject,1000,29,0.029,0.02026644815669875,0.04133835833669418
2,2,2.0,gls_known_budget,signal_reject,1000,191,0.191,0.16783693231549512,0.216528004428578
2,2,2.0,gls_fitted,reject,1000,236,0.236,0.2107233759531616,0.26329715252721153
2,2,2.0,gls_fitted,false_reject,1000,36,0.036,0.02611557140738732,0.049435660467207834
2,2,2.0,gls_fitted,signal_reject,1000,218,0.218,0.19351481458069164,0.2446434772051615
2,2,2.0,uncertainty,reject,1000,3,0.003,0.0010207838811386186,0.008783014053503173
2,2,2.0,uncertainty,false_reject,1000,0,0.0,2.168404344971009e-19,0.0038267584855551234
2,2,2.0,uncertainty,signal_reject,1000,3,0.003,0.0010207838811386186,0.008783014053503173
2,2,2.0,confidence_set,ci_contains_truth,1000,997,0.997,0.9912169859464969,0.9989792161188614
2,2,2.0,confidence_set,phi1_retained,1000,9,0.009,0.004742060667477063,0.01701581616533807
2,2,2.0,confidence_set,empty_ci,1000,0,0.0,2.168404344971009e-19,0.0038267584855551234
2,2,3.0,gls_known,reject,1000,570,0.57,0.539105173730678,0.6003590800813441
2,2,3.0,gls_known,false_reject,1000,31,0.031,0.02192400344715857,0.04366549601229214
2,2,3.0,gls_known,signal_reject,1000,563,0.563,0.5320740752991774,0.5934437531316427
2,2,3.0,gls_known_budget,reject,1000,554,0.554,0.5230431762490696,0.5845435338344905
2,2,3.0,gls_known_budget,false_reject,1000,29,0.029,0.02026644815669875,0.04133835833669418
2,2,3.0,gls_known_budget,signal_reject,1000,547,0.547,0.5160261711771321,0.5776141135252257
2,2,3.0,gls_fitted,reject,1000,595,0.595,0.5642673076613368,0.6250056082264076
2,2,3.0,gls_fitted,false_reject,1000,36,0.036,0.02611557140738732,0.049435660467207834
2,2,3.0,gls_fitted,signal_reject,1000,589,0.589,0.5582210567913957,0.6190977801981754
2,2,3.0,uncertainty,reject,1000,8,0.008,0.004059195818806103,0.015706334530980144
2,2,3.0,uncertainty,false_reject,1000,0,0.0,2.168404344971009e-19,0.0038267584855551234
2,2,3.0,uncertainty,signal_reject,1000,8,0.008,0.004059195818806103,0.015706334530980144
2,2,3.0,confidence_set,ci_contains_truth,1000,997,0.997,0.9912169859464969,0.9989792161188614
2,2,3.0,confidence_set,phi1_retained,1000,9,0.009,0.004742060667477063,0.01701581616533807
2,2,3.0,confidence_set,empty_ci,1000,0,0.0,2.168404344971009e-19,0.0038267584855551234
2,2,6.0,gls_known,reject,1000,1000,1.0,0.996173241514445,1.0
2,2,6.0,gls_known,false_reject,1000,31,0.031,0.02192400344715857,0.04366549601229214
2,2,6.0,gls_known,signal_reject,1000,1000,1.0,0.996173241514445,1.0
2,2,6.0,gls_known_budget,reject,1000,1000,1.0,0.996173241514445,1.0
2,2,6.0,gls_known_budget,false_reject,1000,29,0.029,0.02026644815669875,0.04133835833669418
2,2,6.0,gls_known_budget,signal_reject,1000,1000,1.0,0.996173241514445,1.0
2,2,6.0,gls_fitted,reject,1000,1000,1.0,0.996173241514445,1.0
2,2,6.0,gls_fitted,false_reject,1000,36,0.036,0.02611557140738732,0.049435660467207834
2,2,6.0,gls_fitted,signal_reject,1000,1000,1.0,0.996173241514445,1.0
2,2,6.0,uncertainty,reject,1000,118,0.118,0.09945155840122327,0.13947208508174083
2,2,6.0,uncertainty,false_reject,1000,0,0.0,2.168404344971009e-19,0.0038267584855551234
2,2,6.0,uncertainty,signal_reject,1000,118,0.118,0.09945155840122327,0.13947208508174083
2,2,6.0,confidence_set,ci_contains_truth,1000,997,0.997,0.9912169859464969,0.9989792161188614
2,2,6.0,confidence_set,phi1_retained,1000,9,0.009,0.004742060667477063,0.01701581616533807
2,2,6.0,confidence_set,empty_ci,1000,0,0.0,2.168404344971009e-19,0.0038267584855551234
2,3,1.0,gls_known,reject,1000,57,0.057,0.04425344035871594,0.07313706765948591
2,3,1.0,gls_known,false_reject,1000,31,0.031,0.02192400344715857,0.04366549601229214
2,3,1.0,gls_known,signal_reject,1000,29,0.029,0.02026644815669875,0.04133835833669418
2,3,1.0,gls_known_budget,reject,1000,56,0.056,0.043374813385442,0.07202334814973096
2,3,1.0,gls_known_budget,false_reject,1000,30,0.03,0.0210937388288347,0.042503414147587126
2,3,1.0,gls_known_budget,signal_reject,1000,29,0.029,0.02026644815669875,0.04133835833669418
2,3,1.0,gls_fitted,reject,1000,99,0.099,0.08199544136866538,0.11907361893674984
2,3,1.0,gls_fitted,false_reject,1000,64,0.064,0.050436200898229526,0.08090073250117454
2,3,1.0,gls_fitted,signal_reject,1000,54,0.054,0.04162131372306273,0.06979215484605245
2,3,1.0,uncertainty,reject,1000,1,0.001,0.00017654637062607809,0.0056425585979579355
2,3,1.0,uncertainty,false_reject,1000,1,0.001,0.00017654637062607809,0.0056425585979579355
2,3,1.0,uncertainty,signal_reject,1000,0,0.0,2.168404344971009e-19,0.0038267584855551234
2,3,1.0,confidence_set,ci_contains_truth,1000,996,0.996,0.9897604437227377,0.9984434118595916
2,3,1.0,confidence_set,phi1_retained,1000,279,0.279,0.2520877932829655,0.3076036339676499
2,3,1.0,confidence_set,empty_ci,1000,0,0.0,2.168404344971009e-19,0.0038267584855551234
2,3,2.0,gls_known,reject,1000,210,0.21,0.18588891937362567,0.23633060054799632
2,3,2.0,gls_known,false_reject,1000,31,0.031,0.02192400344715857,0.04366549601229214
2,3,2.0,gls_known,signal_reject,1000,197,0.197,0.17352816173578522,0.22279085390646125
2,3,2.0,gls_known_budget,reject,1000,204,0.204,0.1801790152622816,0.23008642576116703
2,3,2.0,gls_known_budget,false_reject,1000,30,0.03,0.0210937388288347,0.042503414147587126
2,3,2.0,gls_known_budget,signal_reject,1000,190,0.19,0.1668892700644027,0.2154833201966415
2,3,2.0,gls_fitted,reject,1000,305,0.305,0.2772552724809733,0.3342371633283932
2,3,2.0,gls_fitted,false_reject,1000,64,0.064,0.050436200898229526,0.08090073250117454
2,3,2.0,gls_fitted,signal_reject,1000,281,0.281,0.25401977830646655,0.3096563419102067
2,3,2.0,uncertainty,reject,1000,2,0.002,0.000548643588120728,0.007262807863492177
2,3,2.0,uncertainty,false_reject,1000,1,0.001,0.00017654637062607809,0.0056425585979579355
2,3,2.0,uncertainty,signal_reject,1000,2,0.002,0.000548643588120728,0.007262807863492177
2,3,2.0,confidence_set,ci_contains_truth,1000,996,0.996,0.9897604437227377,0.9984434118595916
2,3,2.0,confidence_set,phi1_retained,1000,279,0.279,0.2520877932829655,0.3076036339676499
2,3,2.0,confidence_set,empty_ci,1000,0,0.0,2.168404344971009e-19,0.0038267584855551234
2,3,3.0,gls_known,reject,1000,591,0.591,0.560235954911328,0.6210675750443009
2,3,3.0,gls_known,false_reject,1000,31,0.031,0.02192400344715857,0.04366549601229214
2,3,3.0,gls_known,signal_reject,1000,589,0.589,0.5582210567913957,0.6190977801981754
2,3,3.0,gls_known_budget,reject,1000,576,0.576,0.545136779327173,0.6062815533830225
2,3,3.0,gls_known_budget,false_reject,1000,30,0.03,0.0210937388288347,0.042503414147587126
2,3,3.0,gls_known_budget,signal_reject,1000,574,0.574,0.5431257348487041,0.6043079048954337
2,3,3.0,gls_fitted,reject,1000,656,0.656,0.6260105435553518,0.684795507797155
2,3,3.0,gls_fitted,false_reject,1000,64,0.064,0.050436200898229526,0.08090073250117454
2,3,3.0,gls_fitted,signal_reject,1000,652,0.652,0.6219460655735375,0.6808905998468539
2,3,3.0,uncertainty,reject,1000,11,0.011,0.006153174098086638,0.019589395700786275
2,3,3.0,uncertainty,false_reject,1000,1,0.001,0.00017654637062607809,0.0056425585979579355
2,3,3.0,uncertainty,signal_reject,1000,11,0.011,0.006153174098086638,0.019589395700786275
2,3,3.0,confidence_set,ci_contains_truth,1000,996,0.996,0.9897604437227377,0.9984434118595916
2,3,3.0,confidence_set,phi1_retained,1000,279,0.279,0.2520877932829655,0.3076036339676499
2,3,3.0,confidence_set,empty_ci,1000,0,0.0,2.168404344971009e-19,0.0038267584855551234
2,3,6.0,gls_known,reject,1000,1000,1.0,0.996173241514445,1.0
2,3,6.0,gls_known,false_reject,1000,31,0.031,0.02192400344715857,0.04366549601229214
2,3,6.0,gls_known,signal_reject,1000,1000,1.0,0.996173241514445,1.0
2,3,6.0,gls_known_budget,reject,1000,1000,1.0,0.996173241514445,1.0
2,3,6.0,gls_known_budget,false_reject,1000,30,0.03,0.0210937388288347,0.042503414147587126
2,3,6.0,gls_known_budget,signal_reject,1000,1000,1.0,0.996173241514445,1.0
2,3,6.0,gls_fitted,reject,1000,1000,1.0,0.996173241514445,1.0
2,3,6.0,gls_fitted,false_reject,1000,64,0.064,0.050436200898229526,0.08090073250117454
2,3,6.0,gls_fitted,signal_reject,1000,1000,1.0,0.996173241514445,1.0
2,3,6.0,uncertainty,reject,1000,121,0.121,0.10222378228920963,0.14267690064284116
2,3,6.0,uncertainty,false_reject,1000,1,0.001,0.00017654637062607809,0.0056425585979579355
2,3,6.0,uncertainty,signal_reject,1000,121,0.121,0.10222378228920963,0.14267690064284116
2,3,6.0,confidence_set,ci_contains_truth,1000,996,0.996,0.9897604437227377,0.9984434118595916
2,3,6.0,confidence_set,phi1_retained,1000,279,0.279,0.2520877932829655,0.3076036339676499
2,3,6.0,confidence_set,empty_ci,1000,0,0.0,2.168404344971009e-19,0.0038267584855551234
2,5,1.0,gls_known,reject,1000,72,0.072,0.05756392168091441,0.08971178358272076
2,5,1.0,gls_known,false_reject,1000,43,0.043,0.03207865341171336,0.057419003844084014
2,5,1.0,gls_known,signal_reject,1000,42,0.042,0.031220885546165447,0.056284425226603055
2,5,1.0,gls_known_budget,reject,1000,68,0.068,0.05399245780853015,0.08531386152298948
2,5,1.0,gls_known_budget,false_reject,1000,39,0.039,0.028658960904180485,0.052869310419501346
2,5,1.0,gls_known_budget,signal_reject,1000,41,0.041,0.030364971082098315,0.0551479932076413
2,5,1.0,gls_fitted,reject,1000,166,0.166,0.1442254718306115,0.19033080283773937
2,5,1.0,gls_fitted,false_reject,1000,113,0.113,0.09484035831643467,0.13412155275138501
2,5,1.0,gls_fitted,signal_reject,1000,84,0.084,0.0683588136777643,0.10282504938221758
2,5,1.0,uncertainty,reject,1000,2,0.002,0.000548643588120728,0.007262807863492177
2,5,1.0,uncertainty,false_reject,1000,2,0.002,0.000548643588120728,0.007262807863492177
2,5,1.0,uncertainty,signal_reject,1000,1,0.001,0.00017654637062607809,0.0056425585979579355
2,5,1.0,confidence_set,ci_contains_truth,1000,994,0.994,0.9869718317581478,0.9972473308581237
2,5,1.0,confidence_set,phi1_retained,1000,727,0.727,0.6985586005647291,0.7537040510828288
2,5,1.0,confidence_set,empty_ci,1000,0,0.0,2.168404344971009e-19,0.0038267584855551234
2,5,2.0,gls_known,reject,1000,234,0.234,0.20880800256185078,0.2612278329524646
2,5,2.0,gls_known,false_reject,1000,43,0.043,0.03207865341171336,0.057419003844084014
2,5,2.0,gls_known,signal_reject,1000,216,0.216,0.19160700894892252,0.24256658987087282
2,5,2.0,gls_known_budget,reject,1000,223,0.223,0.19828813022889644,0.24983189397210112
2,5,2.0,gls_known_budget,false_reject,1000,39,0.039,0.028658960904180485,0.052869310419501346
2,5,2.0,gls_known_budget,signal_reject,1000,207,0.207,0.18303292798076143,0.23320955249177389
2,5,2.0,gls_fitted,reject,1000,387,0.387,0.35729917409070144,0.417565673327034
2,5,2.0,gls_fitted,false_reject,1000,113,0.113,0.09484035831643467,0.13412155275138501
2,5,2.0,gls_fitted,signal_reject,1000,341,0.341,0.31227731829126676,0.37093959090713985
2,5,2.0,uncertainty,reject,1000,3,0.003,0.0010207838811386186,0.008783014053503173
2,5,2.0,uncertainty,false_reject,1000,2,0.002,0.000548643588120728,0.007262807863492177
2,5,2.0,uncertainty,signal_reject,1000,3,0.003,0.0010207838811386186,0.008783014053503173
2,5,2.0,confidence_set,ci_contains_truth,1000,994,0.994,0.9869718317581478,0.9972473308581237
2,5,2.0,confidence_set,phi1_retained,1000,727,0.727,0.6985586005647291,0.7537040510828288
2,5,2.0,confidence_set,empty_ci,1000,0,0.0,2.168404344971009e-19,0.0038267584855551234
2,5,3.0,gls_known,reject,1000,596,0.596,0.5652754709915896,0.6259897913791838
2,5,3.0,gls_known,false_reject,1000,43,0.043,0.03207865341171336,0.057419003844084014
2,5,3.0,gls_known,signal_reject,1000,592,0.592,0.5612435983142355,0.6220522781244223
2,5,3.0,gls_known_budget,reject,1000,577,0.577,0.546142492951032,0.6072681862421924
2,5,3.0,gls_known_budget,false_reject,1000,39,0.039,0.028658960904180485,0.052869310419501346
2,5,3.0,gls_known_budget,signal_reject,1000,574,0.574,0.5431257348487041,0.6043079048954337
2,5,3.0,gls_fitted,reject,1000,732,0.732,0.7036985754211434,0.758525808641559
2,5,3.0,gls_fitted,false_reject,1000,113,0.113,0.09484035831643467,0.13412155275138501
2,5,3.0,gls_fitted,signal_reject,1000,725,0.725,0.6965038327040266,0.7517741259774736
2,5,3.0,uncertainty,reject,1000,6,0.006,0.0027526691418763745,0.01302816824185209
2,5,3.0,uncertainty,false_reject,1000,2,0.002,0.000548643588120728,0.007262807863492177
2,5,3.0,uncertainty,signal_reject,1000,6,0.006,0.0027526691418763745,0.01302816824185209
2,5,3.0,confidence_set,ci_contains_truth,1000,994,0.994,0.9869718317581478,0.9972473308581237
2,5,3.0,confidence_set,phi1_retained,1000,727,0.727,0.6985586005647291,0.7537040510828288
2,5,3.0,confidence_set,empty_ci,1000,0,0.0,2.168404344971009e-19,0.0038267584855551234
2,5,6.0,gls_known,reject,1000,998,0.998,0.9927371921365079,0.9994513564118793
2,5,6.0,gls_known,false_reject,1000,43,0.043,0.03207865341171336,0.057419003844084014
2,5,6.0,gls_known,signal_reject,1000,998,0.998,0.9927371921365079,0.9994513564118793
2,5,6.0,gls_known_budget,reject,1000,998,0.998,0.9927371921365079,0.9994513564118793
2,5,6.0,gls_known_budget,false_reject,1000,39,0.039,0.028658960904180485,0.052869310419501346
2,5,6.0,gls_known_budget,signal_reject,1000,998,0.998,0.9927371921365079,0.9994513564118793
2,5,6.0,gls_fitted,reject,1000,999,0.999,0.9943574414020421,0.9998234536293739
2,5,6.0,gls_fitted,false_reject,1000,113,0.113,0.09484035831643467,0.13412155275138501
2,5,6.0,gls_fitted,signal_reject,1000,999,0.999,0.9943574414020421,0.9998234536293739
2,5,6.0,uncertainty,reject,1000,87,0.087,0.071074421452375,0.10608648105669352
2,5,6.0,uncertainty,false_reject,1000,2,0.002,0.000548643588120728,0.007262807863492177
2,5,6.0,uncertainty,signal_reject,1000,87,0.087,0.071074421452375,0.10608648105669352
2,5,6.0,confidence_set,ci_contains_truth,1000,994,0.994,0.9869718317581478,0.9972473308581237
2,5,6.0,confidence_set,phi1_retained,1000,727,0.727,0.6985586005647291,0.7537040510828288
2,5,6.0,confidence_set,empty_ci,1000,0,0.0,2.168404344971009e-19,0.0038267584855551234
2,6,1.0,gls_known,reject,1000,282,0.282,0.25498602521354063,0.3106824414861613
2,6,1.0,gls_known,false_reject,1000,0,0.0,2.168404344971009e-19,0.0038267584855551234
2,6,1.0,gls_known,signal_reject,1000,282,0.282,0.25498602521354063,0.3106824414861613
2,6,1.0,gls_known_budget,reject,1000,268,0.268,0.24147419135844106,0.29630142457885655
2,6,1.0,gls_known_budget,false_reject,1000,0,0.0,2.168404344971009e-19,0.0038267584855551234
2,6,1.0,gls_known_budget,signal_reject,1000,268,0.268,0.24147419135844106,0.29630142457885655
2,6,1.0,gls_fitted,reject,1000,667,0.667,0.6371997660141808,0.6955220966516438
2,6,1.0,gls_fitted,false_reject,1000,0,0.0,2.168404344971009e-19,0.0038267584855551234
2,6,1.0,gls_fitted,signal_reject,1000,667,0.667,0.6371997660141808,0.6955220966516438
2,6,1.0,uncertainty,reject,1000,3,0.003,0.0010207838811386186,0.008783014053503173
2,6,1.0,uncertainty,false_reject,1000,0,0.0,2.168404344971009e-19,0.0038267584855551234
2,6,1.0,uncertainty,signal_reject,1000,3,0.003,0.0010207838811386186,0.008783014053503173
2,6,1.0,confidence_set,ci_contains_truth,1000,991,0.991,0.982984183834662,0.9952579393325229
2,6,1.0,confidence_set,phi1_retained,1000,991,0.991,0.982984183834662,0.9952579393325229
2,6,1.0,confidence_set,empty_ci,1000,4,0.004,0.0015565881404084308,0.010239556277262253
2,6,2.0,gls_known,reject,1000,687,0.687,0.6575897312800101,0.7149790610463924
2,6,2.0,gls_known,false_reject,1000,0,0.0,2.168404344971009e-19,0.0038267584855551234
2,6,2.0,gls_known,signal_reject,1000,687,0.687,0.6575897312800101,0.7149790610463924
2,6,2.0,gls_known_budget,reject,1000,669,0.669,0.63923606946991,0.6974704861619725
2,6,2.0,gls_known_budget,false_reject,1000,0,0.0,2.168404344971009e-19,0.0038267584855551234
2,6,2.0,gls_known_budget,signal_reject,1000,669,0.669,0.63923606946991,0.6974704861619725
2,6,2.0,gls_fitted,reject,1000,918,0.918,0.8993527833262955,0.9334480465797805
2,6,2.0,gls_fitted,false_reject,1000,0,0.0,2.168404344971009e-19,0.0038267584855551234
2,6,2.0,gls_fitted,signal_reject,1000,918,0.918,0.8993527833262955,0.9334480465797805
2,6,2.0,uncertainty,reject,1000,3,0.003,0.0010207838811386186,0.008783014053503173
2,6,2.0,uncertainty,false_reject,1000,0,0.0,2.168404344971009e-19,0.0038267584855551234
2,6,2.0,uncertainty,signal_reject,1000,3,0.003,0.0010207838811386186,0.008783014053503173
2,6,2.0,confidence_set,ci_contains_truth,1000,991,0.991,0.982984183834662,0.9952579393325229
2,6,2.0,confidence_set,phi1_retained,1000,991,0.991,0.982984183834662,0.9952579393325229
2,6,2.0,confidence_set,empty_ci,1000,4,0.004,0.0015565881404084308,0.010239556277262253
2,6,3.0,gls_known,reject,1000,939,0.939,0.9224198811757163,0.9522202248739662
2,6,3.0,gls_known,false_reject,1000,0,0.0,2.168404344971009e-19,0.0038267584855551234
2,6,3.0,gls_known,signal_reject,1000,939,0.939,0.9224198811757163,0.9522202248739662
2,6,3.0,gls_known_budget,reject,1000,930,0.93,0.9124853518487167,0.9442236358537061
2,6,3.0,gls_known_budget,false_reject,1000,0,0.0,2.168404344971009e-19,0.0038267584855551234
2,6,3.0,gls_known_budget,signal_reject,1000,930,0.93,0.9124853518487167,0.9442236358537061
2,6,3.0,gls_fitted,reject,1000,992,0.992,0.9842936654690199,0.995940804181194
2,6,3.0,gls_fitted,false_reject,1000,0,0.0,2.168404344971009e-19,0.0038267584855551234
2,6,3.0,gls_fitted,signal_reject,1000,992,0.992,0.9842936654690199,0.995940804181194
2,6,3.0,uncertainty,reject,1000,4,0.004,0.0015565881404084308,0.010239556277262253
2,6,3.0,uncertainty,false_reject,1000,0,0.0,2.168404344971009e-19,0.0038267584855551234
2,6,3.0,uncertainty,signal_reject,1000,4,0.004,0.0015565881404084308,0.010239556277262253
2,6,3.0,confidence_set,ci_contains_truth,1000,991,0.991,0.982984183834662,0.9952579393325229
2,6,3.0,confidence_set,phi1_retained,1000,991,0.991,0.982984183834662,0.9952579393325229
2,6,3.0,confidence_set,empty_ci,1000,4,0.004,0.0015565881404084308,0.010239556277262253
2,6,6.0,gls_known,reject,1000,1000,1.0,0.996173241514445,1.0
2,6,6.0,gls_known,false_reject,1000,0,0.0,2.168404344971009e-19,0.0038267584855551234
2,6,6.0,gls_known,signal_reject,1000,1000,1.0,0.996173241514445,1.0
2,6,6.0,gls_known_budget,reject,1000,1000,1.0,0.996173241514445,1.0
2,6,6.0,gls_known_budget,false_reject,1000,0,0.0,2.168404344971009e-19,0.0038267584855551234
2,6,6.0,gls_known_budget,signal_reject,1000,1000,1.0,0.996173241514445,1.0
2,6,6.0,gls_fitted,reject,1000,1000,1.0,0.996173241514445,1.0
2,6,6.0,gls_fitted,false_reject,1000,0,0.0,2.168404344971009e-19,0.0038267584855551234
2,6,6.0,gls_fitted,signal_reject,1000,1000,1.0,0.996173241514445,1.0
2,6,6.0,uncertainty,reject,1000,5,0.005,0.0021375355273244596,0.011650955373375113
2,6,6.0,uncertainty,false_reject,1000,0,0.0,2.168404344971009e-19,0.0038267584855551234
2,6,6.0,uncertainty,signal_reject,1000,5,0.005,0.0021375355273244596,0.011650955373375113
2,6,6.0,confidence_set,ci_contains_truth,1000,991,0.991,0.982984183834662,0.9952579393325229
2,6,6.0,confidence_set,phi1_retained,1000,991,0.991,0.982984183834662,0.9952579393325229
2,6,6.0,confidence_set,empty_ci,1000,4,0.004,0.0015565881404084308,0.010239556277262253
2,8,1.0,gls_fitted,reject,1000,557,0.557,0.5260523439907523,0.5875114055418946
2,8,1.0,gls_fitted,false_reject,1000,334,0.334,0.3054523188740042,0.36381816494320013
2,8,1.0,gls_fitted,signal_reject,1000,557,0.557,0.5260523439907523,0.5875114055418946
2,8,1.0,uncertainty,reject,1000,3,0.003,0.0010207838811386186,0.008783014053503173
2,8,1.0,uncertainty,false_reject,1000,0,0.0,2.168404344971009e-19,0.0038267584855551234
2,8,1.0,uncertainty,signal_reject,1000,3,0.003,0.0010207838811386186,0.008783014053503173
2,8,1.0,confidence_set,ci_contains_truth,1000,0,0.0,2.168404344971009e-19,0.0038267584855551234
2,8,1.0,confidence_set,phi1_retained,1000,0,0.0,2.168404344971009e-19,0.0038267584855551234
2,8,1.0,confidence_set,empty_ci,1000,0,0.0,2.168404344971009e-19,0.0038267584855551234
2,8,2.0,gls_fitted,reject,1000,872,0.872,0.8498604138497563,0.8912924778369906
2,8,2.0,gls_fitted,false_reject,1000,334,0.334,0.3054523188740042,0.36381816494320013
2,8,2.0,gls_fitted,signal_reject,1000,872,0.872,0.8498604138497563,0.8912924778369906
2,8,2.0,uncertainty,reject,1000,34,0.034,0.024431348663226313,0.04713519024531107
2,8,2.0,uncertainty,false_reject,1000,0,0.0,2.168404344971009e-19,0.0038267584855551234
2,8,2.0,uncertainty,signal_reject,1000,34,0.034,0.024431348663226313,0.04713519024531107
2,8,2.0,confidence_set,ci_contains_truth,1000,0,0.0,2.168404344971009e-19,0.0038267584855551234
2,8,2.0,confidence_set,phi1_retained,1000,0,0.0,2.168404344971009e-19,0.0038267584855551234
2,8,2.0,confidence_set,empty_ci,1000,0,0.0,2.168404344971009e-19,0.0038267584855551234
2,8,3.0,gls_fitted,reject,1000,988,0.988,0.9791427315245017,0.9931223521935965
2,8,3.0,gls_fitted,false_reject,1000,334,0.334,0.3054523188740042,0.36381816494320013
2,8,3.0,gls_fitted,signal_reject,1000,988,0.988,0.9791427315245017,0.9931223521935965
2,8,3.0,uncertainty,reject,1000,113,0.113,0.09484035831643467,0.13412155275138501
2,8,3.0,uncertainty,false_reject,1000,0,0.0,2.168404344971009e-19,0.0038267584855551234
2,8,3.0,uncertainty,signal_reject,1000,113,0.113,0.09484035831643467,0.13412155275138501
2,8,3.0,confidence_set,ci_contains_truth,1000,0,0.0,2.168404344971009e-19,0.0038267584855551234
2,8,3.0,confidence_set,phi1_retained,1000,0,0.0,2.168404344971009e-19,0.0038267584855551234
2,8,3.0,confidence_set,empty_ci,1000,0,0.0,2.168404344971009e-19,0.0038267584855551234
2,8,6.0,gls_fitted,reject,1000,1000,1.0,0.996173241514445,1.0
2,8,6.0,gls_fitted,false_reject,1000,334,0.334,0.3054523188740042,0.36381816494320013
2,8,6.0,gls_fitted,signal_reject,1000,1000,1.0,0.996173241514445,1.0
2,8,6.0,uncertainty,reject,1000,702,0.702,0.6729225763109662,0.7295314132608696
2,8,6.0,uncertainty,false_reject,1000,0,0.0,2.168404344971009e-19,0.0038267584855551234
2,8,6.0,uncertainty,signal_reject,1000,702,0.702,0.6729225763109662,0.7295314132608696
2,8,6.0,confidence_set,ci_contains_truth,1000,0,0.0,2.168404344971009e-19,0.0038267584855551234
2,8,6.0,confidence_set,phi1_retained,1000,0,0.0,2.168404344971009e-19,0.0038267584855551234
2,8,6.0,confidence_set,empty_ci,1000,0,0.0,2.168404344971009e-19,0.0038267584855551234
3,3,3.0,gls_known,reject,1000,974,0.974,0.9621761711573101,0.9821960617983837
3,3,3.0,gls_known,false_reject,1000,23,0.023,0.015374276932992918,0.03427645066222667
3,3,3.0,gls_known,signal_reject,1000,974,0.974,0.9621761711573101,0.9821960617983837
3,3,3.0,gls_known_budget,reject,1000,971,0.971,0.9586616416633058,0.9797335518433012
3,3,3.0,gls_known_budget,false_reject,1000,19,0.019,0.012196885750790904,0.02948445591231312
3,3,3.0,gls_known_budget,signal_reject,1000,971,0.971,0.9586616416633058,0.9797335518433012
3,3,3.0,gls_fitted,reject,1000,982,0.982,0.9717267448294926,0.9885842599904322
3,3,3.0,gls_fitted,false_reject,1000,58,0.058,0.04513327823499824,0.0742495762662325
3,3,3.0,gls_fitted,signal_reject,1000,982,0.982,0.9717267448294926,0.9885842599904322
3,3,3.0,uncertainty,reject,1000,38,0.038,0.02780900450930263,0.05172692033135032
3,3,3.0,uncertainty,false_reject,1000,1,0.001,0.00017654637062607809,0.0056425585979579355
3,3,3.0,uncertainty,signal_reject,1000,38,0.038,0.02780900450930263,0.05172692033135032
3,3,3.0,confidence_set,ci_contains_truth,1000,996,0.996,0.9897604437227377,0.9984434118595916
3,3,3.0,confidence_set,phi1_retained,1000,274,0.274,0.24726082477543693,0.30246887006003403
3,3,3.0,confidence_set,empty_ci,1000,0,0.0,2.168404344971009e-19,0.0038267584855551234
3,4,3.0,gls_known,reject,1000,987,0.987,0.9778855576244203,0.9923871796106489
3,4,3.0,gls_known,false_reject,1000,22,0.022,0.014572707764791058,0.03308567334739963
3,4,3.0,gls_known,signal_reject,1000,987,0.987,0.9778855576244203,0.9923871796106489
3,4,3.0,gls_known_budget,reject,1000,986,0.986,0.9766379658824644,0.9916424248695761
3,4,3.0,gls_known_budget,false_reject,1000,20,0.02,0.012983682916415136,0.030690005229717786
3,4,3.0,gls_known_budget,signal_reject,1000,986,0.986,0.9766379658824644,0.9916424248695761
3,4,3.0,gls_fitted,reject,1000,991,0.991,0.982984183834662,0.9952579393325229
3,4,3.0,gls_fitted,false_reject,1000,57,0.057,0.04425344035871594,0.07313706765948591
3,4,3.0,gls_fitted,signal_reject,1000,991,0.991,0.982984183834662,0.9952579393325229
3,4,3.0,uncertainty,reject,1000,27,0.027,0.018621382774294995,0.03899873075304015
3,4,3.0,uncertainty,false_reject,1000,0,0.0,2.168404344971009e-19,0.0038267584855551234
3,4,3.0,uncertainty,signal_reject,1000,27,0.027,0.018621382774294995,0.03899873075304015
3,4,3.0,confidence_set,ci_contains_truth,1000,996,0.996,0.9897604437227377,0.9984434118595916
3,4,3.0,confidence_set,phi1_retained,1000,277,0.277,0.25015649034831283,0.3055502439362448
3,4,3.0,confidence_set,empty_ci,1000,0,0.0,2.168404344971009e-19,0.0038267584855551234
3,7,3.0,gls_known,reject,1000,930,0.93,0.9124853518487167,0.9442236358537061
3,7,3.0,gls_known,false_reject,1000,26,0.026,0.017803938201616326,0.03782382884268993
3,7,3.0,gls_known,signal_reject,1000,909,0.909,0.88957441593046,0.9252952956283559
3,7,3.0,gls_known_budget,reject,1000,921,0.921,0.9026250851159918,0.9361527842391708
3,7,3.0,gls_known_budget,false_reject,1000,22,0.022,0.014572707764791058,0.03308567334739963
3,7,3.0,gls_known_budget,signal_reject,1000,902,0.902,0.882005297700964,0.9189179884766496
3,7,3.0,gls_fitted,reject,1000,951,0.951,0.9358092984933898,0.9627389653526394
3,7,3.0,gls_fitted,false_reject,1000,46,0.046,0.03466249276326498,0.06081220394161907
3,7,3.0,gls_fitted,signal_reject,1000,931,0.931,0.9135852797713628,0.9451160544140889
3,7,3.0,uncertainty,reject,1000,18,0.018,0.011415740009567788,0.028273255170507345
3,7,3.0,uncertainty,false_reject,1000,0,0.0,2.168404344971009e-19,0.0038267584855551234
3,7,3.0,uncertainty,signal_reject,1000,18,0.018,0.011415740009567788,0.028273255170507345
3,7,3.0,confidence_set,ci_contains_truth,1000,996,0.996,0.9897604437227377,0.9984434118595916
3,7,3.0,confidence_set,phi1_retained,1000,293,0.293,0.26562577020883094,0.3219585078041889
3,7,3.0,confidence_set,empty_ci,1000,0,0.0,2.168404344971009e-19,0.0038267584855551234
