phase,group,delta,method,n,mean_width,median_width,q10_width,q90_width,mean_ci_unresolved,certificate_unresolved,mean_certificate_nodes
1,1,0.0,uncertainty,1000,0.6412194976806641,0.660491943359375,0.481134033203125,0.7876358032226562,0.996,0,19.98
1,1,0.0,wilks_scalar,1000,0.6066178894042968,0.5689697265625,0.37678375244140627,1.0,0.903,0,20.0
1,1,0.0,wilks_joint,1000,0.1971045684814453,0.20006561279296875,0.1318023681640625,0.2581954956054688,1.001,0,20.0
1,2,0.0,uncertainty,1000,0.764043716430664,0.7959976196289062,0.5972549438476562,0.871832275390625,1.35,0,20.0
1,2,0.0,wilks_scalar,1000,0.6223893737792969,0.6076583862304688,0.5058837890625,0.7663803100585938,1.862,0,20.0
1,2,0.0,wilks_joint,1000,0.19855622863769531,0.20104217529296875,0.18003692626953124,0.2142974853515625,2.0,0,20.0
1,3,0.0,uncertainty,1000,0.1850774383544922,0.1672515869140625,0.1296478271484375,0.242950439453125,1.721,0,20.0
1,3,0.0,wilks_scalar,1000,0.2128683624267578,0.2122802734375,0.1716888427734375,0.25214691162109376,1.098,0,20.0
1,3,0.0,wilks_joint,1000,0.07006781005859375,0.07041168212890625,0.06231231689453125,0.076800537109375,2.0,0,20.0
1,4,0.0,uncertainty,1000,0.18369578552246094,0.16892242431640625,0.12480621337890625,0.25663299560546876,1.734,0,100.0
1,4,0.0,wilks_scalar,1000,0.21160150146484374,0.21068572998046875,0.17332916259765624,0.25470733642578125,1.072,0,100.0
1,4,0.0,wilks_joint,1000,0.07027651977539062,0.070587158203125,0.06259765625,0.07769775390625,2.0,0,100.0
1,5,0.0,uncertainty,1000,0.05880157470703125,0.05704498291015625,0.042584228515625,0.07650909423828126,1.329,0,20.0
1,5,0.0,wilks_scalar,1000,0.09953152465820313,0.098358154296875,0.0806793212890625,0.12089385986328126,1.028,0,20.0
1,5,0.0,wilks_joint,1000,0.03450787353515625,0.0342559814453125,0.02880859375,0.0409423828125,1.956,0,20.0
1,6,0.0,uncertainty,1000,0.08301806640625,0.0728302001953125,0.03961944580078125,0.13637390136718752,1.004,0,0.999
1,6,0.0,wilks_scalar,1000,0.11508540344238281,0.10581207275390625,0.05744476318359375,0.184375,1.001,0,1.0
1,6,0.0,wilks_joint,1000,0.11508540344238281,0.10581207275390625,0.05744476318359375,0.184375,1.001,0,1.0
1,7,0.0,uncertainty,1000,0.18261964416503906,0.16819000244140625,0.1243194580078125,0.2544723510742188,1.732,0,20.0
1,7,0.0,wilks_scalar,1000,0.21084693908691407,0.2089996337890625,0.1713470458984375,0.2515899658203125,1.1,0,20.0
1,7,0.0,wilks_joint,1000,0.07010893249511718,0.07070159912109375,0.06208648681640625,0.07737884521484376,2.0,0,20.0
1,8,0.0,uncertainty,1000,0.3257460174560547,0.30829620361328125,0.22755126953125,0.44578857421875,1.991,0,20.0
1,8,0.0,wilks_scalar,1000,0.29018194580078127,0.28981781005859375,0.19004669189453124,0.3860687255859375,2.0,0,20.0
1,8,0.0,wilks_joint,1000,0.009287261962890625,0.0,0.0,0.039599609375,0.484,0,4.84
1,9,0.0,uncertainty,1000,0.18119361877441406,0.16881561279296875,0.12567901611328125,0.2501068115234375,1.749,0,20.0
1,9,0.0,wilks_scalar,1000,0.2119574737548828,0.209716796875,0.17215423583984374,0.25011138916015624,1.068,0,20.0
1,9,0.0,wilks_joint,1000,0.07008782958984375,0.0706787109375,0.06272735595703124,0.07719573974609376,2.0,0,20.0
1,10,0.0,uncertainty,1000,0.18501007080078125,0.17230987548828125,0.12930755615234374,0.2450653076171875,1.732,0,20.0
1,10,0.0,wilks_scalar,1000,0.2115198974609375,0.20902252197265625,0.17456817626953125,0.2505706787109375,1.076,0,20.0
1,10,0.0,wilks_joint,1000,1.0,1.0,1.0,1.0,0.0,0,20.0
2,2,2.0,uncertainty,1000,0.762669204711914,0.7943038940429688,0.5934844970703125,0.8697052001953125,1.361,0,20.0
2,2,2.0,wilks_scalar,1000,0.6206138153076172,0.6097488403320312,0.5038253784179687,0.7631210327148438,1.842,0,20.0
2,2,2.0,wilks_joint,1000,0.19906880187988282,0.20046234130859375,0.1837921142578125,0.21515045166015626,2.0,0,20.0
2,2,3.0,uncertainty,1000,0.762669204711914,0.7943038940429688,0.5934844970703125,0.8697052001953125,1.361,0,20.0
2,2,3.0,wilks_scalar,1000,0.6206138153076172,0.6097488403320312,0.5038253784179687,0.7631210327148438,1.842,0,20.0
2,2,3.0,wilks_joint,1000,0.19906880187988282,0.20046234130859375,0.1837921142578125,0.21515045166015626,2.0,0,20.0
2,2,6.0,uncertainty,1000,0.762669204711914,0.7943038940429688,0.5934844970703125,0.8697052001953125,1.361,0,20.0
2,2,6.0,wilks_scalar,1000,0.6206138153076172,0.6097488403320312,0.5038253784179687,0.7631210327148438,1.842,0,20.001
2,2,6.0,wilks_joint,1000,0.19906880187988282,0.20046234130859375,0.1837921142578125,0.21515045166015626,2.0,0,20.0
2,3,2.0,uncertainty,1000,0.18311865234375,0.16638946533203125,0.12784576416015625,0.24503936767578127,1.706,0,20.0
2,3,2.0,wilks_scalar,1000,0.21065335083007813,0.207275390625,0.17262725830078124,0.2524169921875,1.069,0,20.0
2,3,2.0,wilks_joint,1000,0.07011016845703125,0.07038116455078125,0.06306304931640624,0.07742462158203126,2.0,0,20.0
2,3,3.0,uncertainty,1000,0.18311865234375,0.16638946533203125,0.12784576416015625,0.24503936767578127,1.706,0,20.0
2,3,3.0,wilks_scalar,1000,0.21065335083007813,0.207275390625,0.17262725830078124,0.2524169921875,1.069,0,20.001
2,3,3.0,wilks_joint,1000,0.07011016845703125,0.07038116455078125,0.06306304931640624,0.07742462158203126,2.0,0,20.0
2,3,6.0,uncertainty,1000,0.18311865234375,0.16638946533203125,0.12784576416015625,0.24503936767578127,1.706,0,20.002
2,3,6.0,wilks_scalar,1000,0.21065335083007813,0.207275390625,0.17262725830078124,0.2524169921875,1.069,0,20.002
2,3,6.0,wilks_joint,1000,0.07011016845703125,0.07038116455078125,0.06306304931640624,0.07742462158203126,2.0,0,20.0
2,4,2.0,uncertainty,1000,0.18198005676269532,0.16924285888671875,0.12596435546875,0.24605560302734375,1.743,0,100.0
2,4,2.0,wilks_scalar,1000,0.21305776977539062,0.21258544921875,0.17327728271484374,0.25302734375,1.07,0,100.0
2,4,2.0,wilks_joint,1000,0.07008662414550781,0.07022857666015625,0.06280059814453125,0.0776092529296875,2.0,0,100.0
2,4,3.0,uncertainty,1000,0.18198005676269532,0.16924285888671875,0.12596435546875,0.24605560302734375,1.743,0,100.0
2,4,3.0,wilks_scalar,1000,0.21305776977539062,0.21258544921875,0.17327728271484374,0.25302734375,1.07,0,100.0
2,4,3.0,wilks_joint,1000,0.07008662414550781,0.07022857666015625,0.06280059814453125,0.0776092529296875,2.0,0,100.0
2,4,6.0,uncertainty,1000,0.18198005676269532,0.16924285888671875,0.12596435546875,0.24605560302734375,1.743,0,100.001
2,4,6.0,wilks_scalar,1000,0.21305776977539062,0.21258544921875,0.17327728271484374,0.25302734375,1.07,0,100.002
2,4,6.0,wilks_joint,1000,0.07008662414550781,0.07022857666015625,0.06280059814453125,0.0776092529296875,2.0,0,100.0
2,5,2.0,uncertainty,1000,0.05859051513671875,0.05657196044921875,0.04265899658203125,0.07706298828125,1.305,0,20.0
2,5,2.0,wilks_scalar,1000,0.09823779296875,0.097625732421875,0.07873992919921875,0.11757354736328125,1.024,0,20.0
2,5,2.0,wilks_joint,1000,0.034503372192382815,0.034210205078125,0.02874603271484375,0.0404052734375,1.949,0,20.0
2,5,3.0,uncertainty,1000,0.05859051513671875,0.05657196044921875,0.04265899658203125,0.07706298828125,1.305,0,20.0
2,5,3.0,wilks_scalar,1000,0.09823779296875,0.097625732421875,0.07873992919921875,0.11757354736328125,1.024,0,20.0
2,5,3.0,wilks_joint,1000,0.034503372192382815,0.034210205078125,0.02874603271484375,0.0404052734375,1.949,0,20.0
2,5,6.0,uncertainty,1000,0.05859051513671875,0.05657196044921875,0.04265899658203125,0.07706298828125,1.305,0,20.003
2,5,6.0,wilks_scalar,1000,0.09823779296875,0.097625732421875,0.07873992919921875,0.11757354736328125,1.024,0,20.001
2,5,6.0,wilks_joint,1000,0.034503372192382815,0.034210205078125,0.02874603271484375,0.0404052734375,1.949,0,20.0
2,6,2.0,uncertainty,1000,0.08224166870117187,0.0717620849609375,0.0379638671875,0.13424377441406252,0.997,0,0.996
2,6,2.0,wilks_scalar,1000,0.113171630859375,0.10654449462890625,0.0573150634765625,0.178240966796875,1.0,0,1.0
2,6,2.0,wilks_joint,1000,0.113171630859375,0.10654449462890625,0.0573150634765625,0.178240966796875,1.0,0,1.0
2,6,3.0,uncertainty,1000,0.08224166870117187,0.0717620849609375,0.0379638671875,0.13424377441406252,0.997,0,0.996
2,6,3.0,wilks_scalar,1000,0.113171630859375,0.10654449462890625,0.0573150634765625,0.178240966796875,1.0,0,1.0
2,6,3.0,wilks_joint,1000,0.113171630859375,0.10654449462890625,0.0573150634765625,0.178240966796875,1.0,0,1.0
2,6,6.0,uncertainty,1000,0.08224166870117187,0.0717620849609375,0.0379638671875,0.13424377441406252,0.997,0,0.996
2,6,6.0,wilks_scalar,1000,0.113171630859375,0.10654449462890625,0.0573150634765625,0.178240966796875,1.0,0,1.0
2,6,6.0,wilks_joint,1000,0.113171630859375,0.10654449462890625,0.0573150634765625,0.178240966796875,1.0,0,1.0
2,8,2.0,uncertainty,1000,0.33204991149902346,0.31713104248046875,0.23151397705078125,0.44416503906250004,1.995,0,20.0
2,8,2.0,wilks_scalar,1000,0.2911347351074219,0.28955841064453125,0.19476470947265626,0.38726959228515623,2.0,0,20.0
2,8,2.0,wilks_joint,1000,0.009348480224609376,0.0,0.0,0.037265014648437504,0.496,0,4.96
2,8,3.0,uncertainty,1000,0.33204991149902346,0.31713104248046875,0.23151397705078125,0.44416503906250004,1.995,0,20.0
2,8,3.0,wilks_scalar,1000,0.2911347351074219,0.28955841064453125,0.19476470947265626,0.38726959228515623,2.0,0,20.0
2,8,3.0,wilks_joint,1000,0.009348480224609376,0.0,0.0,0.037265014648437504,0.496,0,4.96
2,8,6.0,uncertainty,1000,0.33204991149902346,0.31713104248046875,0.23151397705078125,0.44416503906250004,1.995,0,20.0
2,8,6.0,wilks_scalar,1000,0.2911347351074219,0.28955841064453125,0.19476470947265626,0.38726959228515623,2.0,0,20.0
2,8,6.0,wilks_joint,1000,0.009348480224609376,0.0,0.0,0.037265014648437504,0.496,0,4.96
2,9,2.0,uncertainty,1000,0.18112738037109374,0.168182373046875,0.129620361328125,0.2464630126953125,1.736,0,20.0
2,9,2.0,wilks_scalar,1000,0.21072756958007813,0.20858001708984375,0.17338104248046876,0.24960784912109377,1.079,0,20.0
2,9,2.0,wilks_joint,1000,0.06967689514160157,0.07018280029296875,0.06179656982421875,0.07708892822265626,2.0,0,20.0
2,9,3.0,uncertainty,1000,0.18112738037109374,0.168182373046875,0.129620361328125,0.2464630126953125,1.736,0,20.0
2,9,3.0,wilks_scalar,1000,0.21072756958007813,0.20858001708984375,0.17338104248046876,0.24960784912109377,1.079,0,20.0
2,9,3.0,wilks_joint,1000,0.06967689514160157,0.07018280029296875,0.06179656982421875,0.07708892822265626,2.0,0,20.0
2,9,6.0,uncertainty,1000,0.18112738037109374,0.168182373046875,0.129620361328125,0.2464630126953125,1.736,0,20.001
2,9,6.0,wilks_scalar,1000,0.21072756958007813,0.20858001708984375,0.17338104248046876,0.24960784912109377,1.079,0,20.0
2,9,6.0,wilks_joint,1000,0.06967689514160157,0.07018280029296875,0.06179656982421875,0.07708892822265626,2.0,0,20.0
2,10,2.0,uncertainty,1000,0.18573139953613282,0.16925048828125,0.12796173095703126,0.2530242919921875,1.742,0,20.0
2,10,2.0,wilks_scalar,1000,0.21298982238769532,0.2097015380859375,0.17298583984375,0.25667724609375003,1.081,0,20.0
2,10,2.0,wilks_joint,1000,1.0,1.0,1.0,1.0,0.0,0,20.0
2,10,3.0,uncertainty,1000,0.18573139953613282,0.16925048828125,0.12796173095703126,0.2530242919921875,1.742,0,20.0
2,10,3.0,wilks_scalar,1000,0.21298982238769532,0.2097015380859375,0.17298583984375,0.25667724609375003,1.081,0,20.0
2,10,3.0,wilks_joint,1000,1.0,1.0,1.0,1.0,0.0,0,20.0
2,10,6.0,uncertainty,1000,0.18573139953613282,0.16925048828125,0.12796173095703126,0.2530242919921875,1.742,0,20.0
2,10,6.0,wilks_scalar,1000,0.21298982238769532,0.2097015380859375,0.17298583984375,0.25667724609375003,1.081,0,20.0
2,10,6.0,wilks_joint,1000,1.0,1.0,1.0,1.0,0.0,0,20.0
3,3,3.0,uncertainty,1000,0.18026756286621093,0.16715240478515625,0.12504425048828124,0.2473175048828125,1.718,0,20.0
3,3,3.0,wilks_scalar,1000,0.20927275085449218,0.206390380859375,0.172479248046875,0.25063018798828124,1.08,0,20.0
3,3,3.0,wilks_joint,1000,0.06994876098632813,0.07028961181640625,0.06266326904296875,0.0770599365234375,2.0,0,20.0
3,4,3.0,uncertainty,1000,0.1836040802001953,0.17022705078125,0.127813720703125,0.24395446777343752,1.748,0,100.005
3,4,3.0,wilks_scalar,1000,0.21234394836425782,0.208648681640625,0.17359619140625,0.25379486083984376,1.082,0,100.0
3,4,3.0,wilks_joint,1000,0.07046005249023438,0.07061004638671875,0.0631866455078125,0.07756805419921875,2.0,0,100.0
3,7,3.0,uncertainty,1000,0.1857400665283203,0.16883087158203125,0.1266876220703125,0.2553619384765625,1.749,0,20.0
3,7,3.0,wilks_scalar,1000,0.21086878967285155,0.2096710205078125,0.1745208740234375,0.2488189697265625,1.075,0,20.0
3,7,3.0,wilks_joint,1000,0.070246826171875,0.07068634033203125,0.06251220703125,0.07756195068359376,2.0,0,20.0
3,9,3.0,uncertainty,1000,0.18535777282714844,0.1674652099609375,0.1275299072265625,0.25352325439453127,1.731,0,20.0
3,9,3.0,wilks_scalar,1000,0.21099896240234375,0.2085418701171875,0.17309417724609374,0.25295257568359375,1.085,0,20.0
3,9,3.0,wilks_joint,1000,0.07005416870117187,0.07033538818359375,0.0626129150390625,0.07753753662109375,2.0,0,20.0
