candidate_1,candidate_2,candidate_3,candidate_4,candidate_5,candidate_6
-0.002534923223328516,-0.0041700946982773397,-0.023641653257351188,-0.0012119273557844941,-0.017445154194414988,0.0095816936329495908
-0.0016674993048382894,0.011594843486663902,-0.0063326399142518783,0.0077779194411020909,-0.0031912036235972178,0.01520563545144249
-0.0022962445589815405,0.0052695779409568846,0.0054271472503826385,0.0068290840465132195,-0.013469169833582852,0.026947056506096523
-0.027798309243320728,-0.018595846402413019,-0.004416096139458146,0.0055853657428118989,-0.018111157582943654,-0.0031383035742700467
-0.013059468270467233,-0.005933774058052634,-0.0096348931983040939,0.0064677334652388143,-0.0033611403230795313,-0.019057405789571477
-0.0045278598058067073,0.0013766969771136779,-0.010665157893070805,-0.0081497569994095839,-0.0091881250124412582,-0.0039738505905253345
-0.011946867478149849,0.0050450253771730236,-0.014570590911725672,-0.014426902119253675,-0.0086510505251046789,-0.0043427521136327838
-0.0063126739346997859,-0.0047979213329782805,-0.0015586953280900869,0.0043735803382583078,-0.0096120777654282799,-0.00026463053148036999
0.00078354216967034237,0.00025712851975201434,-0.0010562460424014535,-0.0028429584163685438,-0.0094248101234353128,0.01029759115803261
0.0041215155737396227,-0.015589517226953098,0.016234154716844761,-0.020073567509488389,0.0029234888037397346,-0.0083681649864296506
0.00056555641847046427,-0.011817510923213566,0.023000849563795334,-0.0078819902437060312,-0.0095411360327637036,0.0010302482158310203
-0.0049965818694800756,0.0029563668486326019,0.013305329178131571,0.0067138611298294595,0.0052209713258090243,0.0039235903203575419
0.0029326466811672243,0.0015346307747976001,-0.0081473834229870597,-0.003542139202243453,-0.003667270643416618,-0.0024903587132247803
0.0097470310838604843,0.015741180294409334,0.020901389636798745,0.013912273095503797,0.013311834137440189,0.020423809353318174
0.0063154386696082331,0.012568290832956516,0.012510900939494377,0.0013383407445075038,-0.0026249604851818703,0.0082906621168274738
0.0078079579404346684,0.020851571380829673,0.015186179768039602,0.0051846428093102592,-0.014225196631389225,0.01203757615451459
-0.010540037408072661,0.010895657353387895,0.004489275522853488,0.003559553928904613,-0.011715063311524092,0.004973909280915411
0.0015745139873127459,0.0029360010844798837,-0.01133461386765953,0.00069161637554460912,-0.0065429508843432432,-0.0019460769645922699
0.0019792132864026985,-0.011210820177458752,0.00082673559261206911,-0.011559131036396556,-0.0091433947416137175,-0.0078973121557401882
0.021820587336070525,-0.0075463670562782043,0.016958422484404184,0.00091598705168039786,-0.0082278666031653271,0.0072277477556816853
0.02026787226485556,-0.0090267886779301903,0.014859891630520875,0.0015007613338679756,-0.0001603838991926336,0.0061039667817270283
0.020507007625485813,-0.00050463877278662719,-0.0079977311321278288,0.010365584039590908,0.0008120574120634395,0.0036543073970540718
0.0020983972339886055,-0.013197741088717886,-0.0050410485360832657,-0.0015251161949134265,-0.0024978903450037305,-0.010568642117592052
-0.00091508423848016328,-0.011239062151677453,-0.013734907978461396,-0.014064938618690521,-0.016973384164283612,-0.026926049325138993
-0.0068131780696588902,0.0019364159795985623,-0.0079285559646271007,0.00077013852197987433,-0.020442310287651432,-0.007043554831544889
0.0064297392019278705,0.0081050709879086774,-0.0049892281330831132,-0.00074957787432860124,-0.0009304651605814172,-0.011008407214648094
-0.0020215195389306413,0.0090940593739166822,-0.027393572671458994,-0.0095499946079935158,-0.020294808817248149,-0.017484996835455124
0.00088030720299848606,-0.0055629917662194375,-0.017456288412711872,-0.017150552762790254,-0.0075180995590899656,-0.015923850727832443
-0.0021269983323428531,-0.0152569068164773,-0.0090417634025916835,-0.021119849272659901,-0.0065791054029611688,-0.0099540654549393065
-0.0043929281352979611,-0.013284140801325381,-0.00170992503148547,-0.010483952293379437,-0.0082569885000876638,-0.007749172848180645
-0.0061337099398698462,-0.011115418229701655,-0.017897921943698616,0.0050411586927672121,-0.010113785817779806,-0.011647153374538649
-0.016965933067430335,-0.0059886856752070262,-0.0033020136245527024,0.001494698373888072,-0.0020481181163478665,-0.0065590800900214756
-0.0089499647229655619,-0.0030835698150421271,-0.011569750673253915,0.00088596431701500294,-0.00038965943526278853,-0.009219395431425071
-0.005560778957695002,0.0048066759372495729,0.0008340237559703095,-0.0089036115160654686,-0.0071889015012257598,-0.010878179029855585
-0.001553538026413229,0.006264077896812166,0.01177524191677066,-4.5436945578159003e-05,0.0020438520940207873,0.00010375216186799159
-0.0059089950489152367,-0.0034208907213102388,-0.0033583078071496844,0.0073936339527034441,0.00093560674368814239,-0.024773048069514261
-0.0077140420355906068,-0.0060035591352045918,-0.012279330674881217,-0.0041791822593364517,-0.0072686433060600826,-0.018144501163492938
-0.00086439930438464907,-0.0041408114831147655,-0.0045570884714853706,0.00091709786694985367,-0.0087194555916034477,-0.0088534743920754295
0.0098266601424357603,-0.01715750851383584,0.019565272120628363,-0.001789905221059456,0.0053642727305024335,-0.011277983584722685
0.0075951867783975108,-0.0040089396777476935,0.0089931329078623834,0.00081299366262646674,0.011263497253797841,-0.0068300910045980276
-0.0012697454924445834,-0.015423376310327058,0.0030341981334116581,-0.0012533146365834938,-0.0004638272177943251,-0.014502039003590388
-0.0035131048641818237,-0.0080018885425828488,-0.00014609695660970038,-0.011455383141345027,0.0058965389390439622,-0.0014719091302873109
0.0061425721802312056,0.010865722593328683,0.0095206549274422479,0.0080362849443688204,0.008832458391161313,0.0044952505811808163
0.0002550580728261846,0.0057973535396131119,0.0085840582229613719,0.0018891903019899793,-0.012031161749230787,0.00050635639122456177
0.0029695509734034599,-0.016044843241207783,-0.0062008423317735173,0.0092244693767444333,-0.02669048391494961,-0.0056493210880652284
-0.015274420444048977,-0.0096606750826870383,-0.012582129407098208,-0.020362786028613414,-0.018662573963003908,-0.015922833472954003
-0.00070226412915759106,-0.0070563488202060477,0.0018303170152657753,0.011769543720195133,-0.012062507575580979,-0.0088121703833755356
-0.00059489168662236851,-0.0022266335158446183,-0.011512321728354716,0.0048216118279886637,-0.014512922251808506,-0.010216338418892272
-0.001483994887316917,0.0080261757521604363,-0.0028299448646648745,0.0074973891812874912,-0.0003212852407266046,0.0051231724724419055
-0.0028455467049759292,0.019346259012369527,0.0069336209890946037,0.013762419452597652,0.01095286935971795,0.0019083113935495334
-0.00089787490127684927,0.0095365675241188587,0.01540564627230028,0.019359220514188258,0.030520681606633009,0.014494318125724317
0.0076205597773406335,0.0059141146370897072,0.01483198502053075,0.014112561177372793,0.013010604840793156,0.012463915759879578
0.0056981894388122697,0.011559571847398038,0.012951249075676328,0.011248032003064075,0.017193935872071575,0.0064710646199079925
0.014044073485447943,0.012553900955345403,-0.0057761969431674842,0.0060299709253912887,0.019290831098784669,0.0068688611394828909
0.00048590769255739061,0.014917176518936991,-0.011259389902714891,0.014362156186582089,0.0048765507051407682,0.020116315308547426
-0.0018224159575085132,0.0051285118046244188,-0.0075854225967587098,-0.0090156814299643083,0.0045542269802095183,0.0012517712617635063
0.010016260300306076,0.016519863127548825,0.0072210240803978511,0.022400756101472005,0.026115790615365155,0.018002860611741809
0.0029858251661343395,0.0050633109258178639,0.018575403112672417,0.0080818315617931149,0.01383877849231141,0.0010015306859140422
0.0028464335499438715,-0.00011809855544833887,-0.0057998255728456414,0.0077817296001316937,0.0052759371139344848,-0.020750240259152772
-0.0067799225267380627,-0.0094208229964337,-0.0063731680418190519,0.0060863000275197124,-0.0038096291000836524,-0.01431159826323646
0.016549217198833691,0.00079436126095792535,0.016830940573439694,-0.0040734784328379965,0.017440058546634944,0.0049170267690337287
-0.0013520061883414598,-0.0028071570671711183,0.012824253319421535,0.00092663884546139038,0.0051233915575614516,-0.0051178331182154804
-0.0092739703543791695,-0.0036922691561426689,-0.00091544588490867669,-0.0018969340845942299,0.005928493874280941,-0.0040680369930312706
-0.0044211403382806991,-0.010637545129432461,-0.0061514886002257798,-0.015269279962197589,-0.0086770960349231308,-0.012980004535724758
-0.0043673095332497844,0.0093475215761028053,0.0037122927833012609,0.0060803720511830427,-0.0014258689953018768,-0.011148399038495113
-0.00050089098486639106,0.011511971883027907,0.010998213183880765,-0.0067446876770277785,-0.0003051486437281039,-0.0018907511598182988
0.0068332650990447679,0.013020417921004956,0.0051643872453517462,0.010149721169460819,0.0026714402425091275,0.0012838286817296127
-0.0086066724043158179,0.0023985584888392042,0.0014253734877758962,0.0035411013709221763,0.015113735318667859,0.00021000572457174666
-0.011684508742281226,0.00075905916134633871,0.0025201490727953311,0.0067771706019973555,0.0062180108593930822,0.0044322775303198541
-0.0011679414529057134,0.0030260305341821272,-0.012885254435176668,-0.014027307572842013,-0.0078586776910879209,-0.0022339803587063957
-0.0039849348359557056,0.002193056741705023,-0.0024692518980377188,-0.0018885034351837199,-0.019157594839000137,-0.020945118952941717
-0.0054656632774364453,-0.0029399892922581934,-0.0072670228764513496,-0.0037141144198042544,-0.0015848234653967792,-0.017623892196358307
-0.0020883157046096665,-0.0040283879790054856,-0.02358777311921352,-0.023386445297089678,-0.0057137671259716669,-0.0085080901049695359
0.013088081007487061,0.01216064470583429,-0.0025587041877150286,-0.00013964161427846775,0.0032563837587525836,0.014291869396643604
0.013573645862340772,0.0074439174551604028,-0.0079962779069181252,-3.4748854767707481e-05,0.0096885632347490057,0.0087269780930308676
0.0031199368770879867,-0.010823082612673573,-0.0031093952990719652,-0.012888552005182751,-0.013054935053140449,-0.00056058498136439799
0.0027841129810982934,-0.015577731365242535,-0.0040208057575014007,-0.023493609229950096,-0.012401468822639424,-0.011657807830915207
0.0018285523631263235,-0.00093255203465728454,-0.0011866532238261173,-0.0026941617463183132,0.0028711113223571071,0.010816669788022705
-0.0084801695044746418,0.016382551268241691,0.0030424438948971227,0.010144919309572079,0.0011842464271159959,0.012758972104624202
-0.0069232874665383047,0.004442399706132338,-0.0065237763061412489,0.0064070935567890081,0.0021939147919211328,0.0090884499063422323
0.010782345299563262,0.010913617060461725,0.011155060005707321,0.0098053171174946642,0.01406033645519892,0.0089241388708063626
-0.010158900924494665,-0.011938024601533821,-0.0081145110711564813,-0.006200304289219782,-0.0025556925699935663,-0.0013452924942396575
-0.012650650725900138,-0.0047454607359552385,-0.0037436253827731439,0.0018866249735800772,-0.0080136671964642983,0.011375614969971951
-0.019773180423376974,-0.00777609190137584,-0.014972508581121384,0.0023180402573793348,-0.0073672372231563246,-0.010320499104866529
0.00019420717014177573,-0.0070849479009013425,-0.0084996733120479302,-0.0043672122027262851,-0.00696424250508675,-0.014071681102515617
-0.0097785240106285538,-0.0035653503212084983,0.0032551479684700506,0.0020905018096440539,-0.0026143774350386394,0.00087635346061880337
-0.0060278281779603329,0.0039974941785692036,0.0084941409773690232,0.0013745288570448265,0.0058371824299436161,-0.0036574566191544533
0.0032719252215425592,0.0041137503967049191,0.0024829559619488359,0.0038715258058030617,-0.0028177681824914143,-0.0044751170698818015
0.01105363622513191,0.010212223922874696,0.0028921503639191114,0.0072739991859665934,-0.0034870730170062552,0.002250209936761807
-0.0080037076539485399,0.0031429585140640699,-0.0046884544602206948,-0.0019288983217616608,-0.011009442081852533,0.0091180142758850759
-0.0072300834195105513,0.008201489847700149,0.00059787051177583603,-0.0043086503924467858,-0.0081886957452207473,0.012948198410191281
-0.0015644520761106597,-0.003125316211381153,0.0022546937790942699,3.0523142744794899e-05,-0.0013010772421099999,0.0065942064000384633
0.010155649358563789,-0.00056622783029604414,0.018544535519133914,0.001552270185146175,-9.5566810377029857e-07,0.007777770291133467
0.0118735159446729,-0.0042085596579872096,0.0081009337081937357,0.01205123305867571,0.0061291398591173671,0.0091163467748302408
-0.0027116839807399748,-0.0072893639133571938,-0.012443689760303958,-0.016854332120816197,-0.0035554818074065605,0.0020069872579076137
-0.010073066976548063,0.00077861619621480849,0.00059128153755129767,-0.012422529127064945,-0.025005741406566358,-0.0044035215965468662
0.019882940384790031,0.012764191027127073,0.010753857198231442,-0.0022225734658300415,-0.016206586297195583,-0.0029810884490757083
-0.00051588539665336532,0.0067115972328550813,0.0010631436412495026,-0.02019643734565053,-0.013052985852198169,0.0037882086995577281
0.015581413573099473,-0.0011862692814876377,0.0076551200966688566,-0.0063599386626223015,-0.0090764277037492323,0.00048356480389229813
-0.015067503167409076,-0.0079932434699928178,-0.0071322511733022485,-0.014714461804953827,-0.002834494385737974,-0.011352979903567824
-0.011377697761120178,-0.0093576458914408009,-0.0034284405059503277,-0.0072684370879314581,-0.00063269478292454729,-0.0014065166717395234
-0.0031480312977219781,-0.0050283537677576987,0.010778014912771279,0.0148280337497764,0.021431305059422812,-0.00033020068334013817
-0.012375512731890243,6.923691605126292e-05,-0.0013242266789006592,0.0043151435180650548,-8.1699757644968646e-05,0.011987686661864167
0.0033746893091126957,-0.0024211769540571932,0.016997101849948518,0.014570064433600738,0.0028329428905480786,0.017893741774931606
0.0087104670425921342,0.0077489247747868041,0.015330504905399367,0.0085380846552854175,-0.0061734026329155148,0.0019214423458985379
0.002638736168615517,0.008033945536437808,-0.0055381700580603476,0.0025524267548436771,-0.0032327712317538923,0.014716327934742261
-0.0049809966078542978,0.0027363934913447324,0.0055903313216239345,0.019179518798553011,-0.012921264112416814,0.017918468807418094
-0.0012176098684137594,0.0026228795519243368,0.0012407770520458435,-0.0190827097940727,-0.022008212746846459,0.011279629260653914
0.010028498281321845,0.0039230824480978787,0.0052818323733933954,-0.0025799502008436014,-0.011086951936210225,0.014424522040098347
0.0075313122643592152,0.0059208459479257319,0.0064977216403143186,0.0044513501242431754,0.0084795278174013694,0.021132231218100296
0.0077305510084958989,-0.0040834516705111606,0.004223687635260793,-0.0033024165049153819,0.0052114430076274114,0.015058162841310549
0.013495772939048804,-0.00024721934239018079,0.010176350916170536,0.021157032778876254,0.0087754496072964816,-0.0053803565435756413
-0.0015867089008879693,-1.5011508328959691e-05,-0.0046543812346064445,0.0072823210570690487,-0.0058354607437915585,-0.010041793953218442
0.013274206410304195,0.0060634439960260567,-0.013455739147413947,0.00085774547219004318,0.00914175105739423,-0.0041865182246062478
0.019186705251578104,0.01610728064182608,0.0042148752269495528,0.010820564402061073,0.014210638232197556,0.014769120478613021
0.011538466244403515,0.017237377567746959,-0.0017572038441986111,0.011409211013581593,0.016594283516574666,0.011635720592432912
0.0058282801811496551,0.011188463293181829,0.0051217653598111838,0.0053873244500730151,0.016846588378728655,-0.00095253973020784522
-0.0063856465016555982,0.0076447564261655811,0.0058789660383170069,0.021773703537875715,0.019855667369256737,0.012186129123835954
-0.0091463788998463556,-0.00016713010392766089,-0.011765119534815195,0.0010869976080814638,0.0091619776759745315,-2.6508123909166521e-05
0.0067608856076706875,-0.00068920444638135637,-0.0089826996046572828,-0.013530629959118388,0.0063117838520071589,-0.0062348635484880356
-0.0043529149000009863,0.0072742628804792634,-0.019928545631755959,-0.015391016887227937,0.0065286460528077217,-0.0019314685383329249
-0.001497878932060881,0.00906457576650916,-0.010823860708485393,-0.0085154589595733739,0.0036527084343591231,-0.0021064080634265762
0.0018328997355411068,0.00076826497219980661,-0.011156515588668637,0.012422753829074866,-0.0038263641885300567,0.0024037955136978484
-0.015945480873885275,-0.0048271645344356486,0.0010636281165304863,0.0098867406532583916,-0.012032988315147821,-0.013011706118895195
0.0079298623438733389,-0.0038564863637432318,-0.00098651416233189247,0.0194276482137902,-0.0072454953638557444,0.0051877430946840686
0.0029467356852908907,-0.015247555072654011,-0.00020858435450161648,-0.0037236723026389789,-0.015618449114222766,-0.0054252473628166719
0.010160511479967101,0.00069121644306415625,0.01232791599245626,0.00020311581246830598,0.0088287478239718487,-0.0058582540983105214
0.018178188065280151,0.012266794635901083,-0.0025208789626736307,0.010718373458489932,0.013774803331919957,0.013590193597720618
0.015020788242675541,-0.0016858106681100693,-0.0036814472051847919,-0.0053618242387456624,0.01939959172834689,-0.0041458861940912653
0.014691215565198795,0.018625404631969954,8.1172850424695306e-05,-0.0047679478071050631,0.0068660255670752656,0.00030600355317568322
0.010376269360401244,0.0032022952985251213,0.0045654439286083488,0.003482222849636988,0.002634012384530043,0.011389160720146186
-0.0065891487819777538,0.013329152705159969,0.014388774069147129,0.020707900925214559,0.014780402439835777,0.024643085022831239
-0.0030547613185724701,0.0080848046274914348,0.0072182176196420381,0.019530628281171698,0.0097232528175097716,0.0094069997708945037
0.013238479281006629,0.0070653729171446765,0.0018363414567284843,0.0052228489973895941,0.0056486785001864503,0.0072266031839897191
0.012838221804160097,0.0059405293543587229,-0.012295761822133671,0.011699041821365313,0.028000987103902607,-0.0015277157959343785
0.0095631323268120759,0.0098426697687022148,-0.0086685027503380294,0.014772769832837988,0.019513801393751057,0.00080324085357122085
0.0032193023297311463,0.025992163025985351,0.0011505348221939474,0.013576076030520053,0.019348941792084001,0.010835546527547747
0.01899378402185083,0.013392954687511501,-0.0028131206565467793,0.0013161032259993632,0.0062977145694405401,-0.0087042913118144816
0.012322899867525409,0.030454221418504221,-0.001404937171075736,0.0044117145413378432,0.0072383059890699783,0.010675342615960873
-0.00038451984911044585,0.0045735694630989849,0.0025016746749393116,0.0080533376640445214,0.010668841056719093,-0.0071538229116196225
0.0067532966743351535,0.012472081835466822,0.012626937451891279,0.0036131774340368082,0.01948736672736974,0.01826541905832009
-0.00074507086541800377,0.0035420768842707893,0.0091523714013799114,0.0052916895449103846,0.018618667316022283,0.0034996693156555871
0.001660001685028286,0.0012003770955923651,0.0013373401604527685,-0.0057332922312796604,0.0029514193156957042,0.00033510174124686942
0.0058773801272670855,0.017687765103557788,0.012455078189608136,0.0060466194087749336,0.010468456011242872,0.0075795080621258743
-0.0041506658959296616,0.015849036205452215,-0.0019290302945947531,0.0090752003903321124,-0.0028270990211490699,0.0030213952862915517
0.012528366720478565,0.01328804802088265,-0.0033608116443506536,-0.0013746785514309806,-0.002717201706537969,0.011369038342631248
0.0069888752829905211,1.1117546674197822e-05,-0.019626260197885957,-0.01084697683012047,-0.0028021580962175603,-0.007529745083965581
0.007538510807856706,-0.016086371826634385,-0.023389780630220298,-0.010270340775255798,-0.012362091234287831,0.0010037139597143599
-0.0036544266108752732,-0.0057750774623702428,-0.0068269746402487633,-0.020419229461322845,-0.013291201831963761,-0.0033722494525460522
0.0044998995014977139,0.015421109793907407,-0.0052803120234044707,-0.0096620578292869758,0.0067571798149475715,0.0024530410828689847
0.015198481546109734,0.0051478703457757454,-0.0054572157404191163,0.010306343511950655,0.012593868353442032,0.011084534440555001
0.002650400741058804,-0.014939450268736873,-0.0051245864523093926,0.0023815070641897609,-0.0066358836465774179,-0.0065433445334287582
0.019692057486653165,0.011353302945144458,0.0062274486470760941,0.022413994298353123,0.015472760346674466,0.016410925319230781
0.018703646607775314,0.030974602674829915,0.0048497998713968177,0.0096465984607859885,0.019669513414107189,0.0063863641890427496
0.0028780606699842955,0.017750344649705561,0.023000687284844869,0.009299475541323203,0.015960896100024546,0.022451112778063446
0.00099126343856185267,0.0092665140761643856,0.025683789855814456,0.019471745063475494,0.021171964221731978,0.013162276165717551
0.00027914169986630223,-0.011353781649768427,-0.0037284080069903847,-0.00080500234420710377,0.0049760027193581878,0.0065627590014213045
0.0026520826593848593,-0.016828638827846805,-0.0066132428350958103,0.0015321944613243797,-0.0051715221416083253,0.0059974671386172013
-0.0087372274296974289,-0.0078957191268099556,-0.010716084895284115,0.011288835449270564,-0.01881717604517108,0.0049639464602958833
0.0017032951969300223,-0.0043128740742480499,-0.0088518550141814412,0.0050908700794166407,-0.01917038399668694,-0.0053804636116726477
-0.0099533241750367867,-0.0094791101892598654,-0.0023972593906741949,-0.019624889451777816,-0.017035095058216661,-0.017622313776137991
0.0043630538551679256,-0.0015450327772404114,-0.011959247208504706,-0.011489448610149298,-0.011249701513416109,-0.0050160044605945973
0.0032887415633009536,0.018542467071848621,0.0046945980559331239,0.011875391555558966,-0.0013981768516559403,-0.0074923509897186821
0.016747383848845554,0.016304306741471309,0.0051551701092345213,0.0020160980010409712,0.025468228695914905,0.013513997304420593
0.001715067502287464,0.010657826675477185,0.011717797109373275,-0.0056926253782703558,0.0074802316748941704,-0.0069103029382934656
-0.011094865214484995,-0.0014335684067771611,0.014535303940544038,-0.0051130517271508139,-0.0013052814031782349,-0.0091384349718494091
-0.00089145800761981616,-0.0030721932954101247,0.0058036815678920934,0.0037707118582632772,0.0098340068191677676,0.0066785458185333827
0.00054595784278012489,0.0063908645439362359,0.0071474384398765769,0.01541697872664248,0.0018160280818408864,0.0070065664455667585
-0.0042600542068237466,0.010325457651450463,0.0057720013174867258,0.0029638397664354648,-0.0013511872195870653,-0.0022165878225826737
0.0054204346974600229,0.013495844465797359,0.0081922929978806326,0.014303420339711506,0.015826827269756427,-0.00080320314866414919
-0.00054536934883848845,-0.0022043517294606111,-0.00020305191286596998,0.01127863279067183,-0.00055746604149714985,-0.010011667839186205
0.0074244064822535528,-0.00040084396566819662,-0.0069472507227195156,0.0086054395857670819,-0.00022844129784291745,-0.0064701970089550143
0.0084209436515932379,-0.0034659381317506169,-0.00070746448839185353,0.0082184574859836077,-0.005941530610680419,-0.0016228395882974772
0.00044197662873919803,0.0030773430872338796,0.0058579936588356481,0.0037277821980462203,0.0060816898092827939,-0.0096470165116572439
0.00033669530652965639,0.0017419952511443799,0.018375063476887551,0.013087110066690746,0.017524608891547399,0.012619013082850768
-0.0033018665201583856,-0.017764284787515496,0.0039423568596874767,0.014026005964676135,-0.0036398274858548399,-0.020881065605746152
0.0010567607885848349,0.0077955971347651067,0.021648344625411941,0.0078409684404294553,-0.0082455854947762093,-0.013457675211106275
-0.017198439894822292,-0.0069506501285999103,0.0053246374881611089,-0.012080445347326106,-0.011303386921182029,0.010702074726251185
-0.010328692650557306,-0.0097408928940023592,-0.0080196984796034529,-0.0088455859012629007,-0.016014498151696706,-0.011641537321012096
-0.003385776608462981,0.0019776351830279541,-0.010083416020218092,-0.010830187234342875,0.007865506075267939,-0.0034742417159061879
-0.0024959072712430631,0.0047150011296381144,-0.00042900966815245323,-0.0076488381029990882,0.011439632159090749,0.011787318789185389
0.0094964302741874663,0.0097936716998033198,0.00084689642997435818,2.5490488029662663e-05,-0.0015791990436206391,0.008485824197535876
0.014780053318156369,-0.0041139228558083711,-0.0087563493133247308,0.0050870923933119035,-0.01394020671449289,0.0047595507886017963
-0.0015547107341143361,0.0064321241519479325,0.002609060623864198,0.015154751709259754,-0.0081138870511941776,0.0018274819279435288
-0.011586059216936926,0.0055368440981255033,0.0035448397055000149,0.016454755275812277,0.0031809334958464589,-0.013240899415372135
0.00085944951255397146,0.012259029819203278,-0.00043735622153100694,-0.0051875033814066558,-0.0027521737723407635,-0.012209963613664315
0.008768626457337246,0.015843607450716144,0.0022474309433083142,0.0014804322599969218,0.0041369248834107553,-0.006519862628268063
0.022135089960098303,0.0028471293873022427,0.014396884431799584,0.011743771503372578,0.014029371599413957,0.011032624865404926
0.026822805577317668,0.021218491986280525,0.015453143949468777,0.023292293340355871,0.030781111052846064,0.019184790030101581
0.0015407437932269483,-0.006824168645777914,0.021510116124404906,0.008838770363184232,-0.00037249054683637095,0.0032504269072675491
0.0011648448380902131,-0.0028473240410642922,0.014149013903382978,-0.0015324358676063032,0.0029253395976493518,-0.0028737268453303353
-0.00069823422025521711,-0.013056906432857417,-0.0033902748371583101,-0.005227302360292509,0.004521619728434313,-0.0078990909666906695
-0.0076939479017791588,-0.0096014230656712093,0.015236511786512863,0.0026509104024826204,0.0030638869537056579,-0.0079725091881522655
-0.0023592391112865711,-0.0070615292431645185,0.0079302464932401052,-0.0027188215305096208,-0.0070120621862586989,0.015310811014187929
-0.0016880124574009849,-0.00022268964182834122,0.0024609512400767955,0.017160865313221956,-0.00041300280255807944,0.012627319748833101
0.013739014518163856,0.014239678447969018,0.0031404091668736623,-0.0003516844255715126,0.0058222353513583376,-0.0080841994745865578
0.014866769683707745,0.0083244173129692709,-0.0044003097234027932,0.017692087062487385,0.0095373270030685506,-0.0094371482640564983
-0.010531032285275254,0.0035177814293247205,-0.011463829201635731,0.0041332390219381704,-0.0037203054350592561,-0.0075247175573607532
0.0050717148574811839,-0.0039571505191103255,-0.0083340129906594694,0.0015872215198453417,0.0015535520661250086,-0.0070073169975768384
-0.0008046103406514969,0.014541925196164811,-0.020465989121118688,0.0029835451125162747,0.00030099862096330532,-0.013212118413133231
-0.011284583829853588,-0.0096893562082342767,-0.01614736284434605,-0.0024748393955692583,-0.0042077955411813084,-0.024405780026417474
0.0025235518294212016,-0.020040781804191492,-0.018757719202826727,0.0035788721777751343,-0.014009945954456595,-0.017046535068448353
0.017376698274255746,0.0023634630792065247,-0.0060192546245126368,-0.009867792026363403,-0.0043131112354566053,0.0011498035793115783
0.0027335946567281924,0.0034199279578188378,-0.008692925190791307,-0.016896758025138778,-0.0061743410018429423,-0.00043208862646437914
0.0028716211407162576,0.0047567602174445524,-0.0081717685947155887,-0.0073067169857200555,-0.0038701423721039666,-0.003537841463904727
0.010593157631467696,-0.0032469884457469443,-0.0050307438268321356,-0.019020276248566358,-0.00083315883227684561,0.0069204135149426695
0.0080951931498640002,0.0031812368207423366,0.0076372635809821895,-0.0079103769921654837,-0.00048607229829524071,0.010269664971364549
-0.0021383579332483523,-0.0039378039708296824,0.0022419633211045956,-0.0077863954774217677,0.0080673921346645344,0.00067781202720892638
0.0061509404653502008,0.0033748331633407114,0.011676786308491848,-0.00015999362755771346,-0.008321353832095868,0.0097704914221526593
8.6365845583910757e-06,0.0034755984755364356,-0.0012373643253494413,0.0064246636331137053,-0.0067106748643499785,0.012490806124974455
-0.0034649638405771059,0.0015006414088304134,-0.010313893299338685,-0.019369779625338757,-0.02177262878276293,-0.0015395027587437118
-0.010248707701541614,-0.025236293649228095,-0.022227958565776022,-0.026535692537047212,-0.02328037696896142,-0.011141775679746462
-0.0064826886146635253,-0.025129167901894942,-0.012542846986688387,-0.024224782328078814,-0.013481354861860115,-0.0092175468445827441
-0.0028446769636461403,-0.012276368845990503,-0.00011872771696464293,-0.015885271080430419,-0.0063033604226290247,-0.0053619721085045504
0.00039176461629427967,-0.0059538296980308925,0.014936079798835388,-0.0069727893623523175,-0.010567590411041201,0.013698615327463413
-0.0024652469744117734,-0.0059805969856109586,0.0024739529627979869,-0.0081674926695791492,-0.020136715493663488,0.0040288509269760407
0.016058669593480568,0.010447595408956078,0.008402865888962472,-0.0014381331267959675,-0.0040337345970318629,0.0057372613197084858
0.010822571324775258,-0.0023869656103156041,-0.0088896834031091717,-0.008166844142779673,0.0038770396994286778,0.0010881939516368018
0.004352789765435904,-0.0058707000922528065,0.003299990686984151,0.0050445844621929692,0.013989270991542234,-0.0041196383936512168
0.012984181905610653,-0.015052046090051681,-0.0031962466567533633,-0.0016792680260690127,-0.0044815027177496393,0.0042493149188732185
-0.0060934426974397415,-0.013487139914568451,-0.0080205736096429815,0.011787299540504181,-0.0054130869592294191,-0.0043260693935705929
0.0069894582215082809,0.019477672539122113,-1.9381677762986098e-05,-0.0022091647058663346,0.01600764705317434,0.0016391202156804004
0.0018736043079560592,0.0031162420067349598,0.0060164179619095941,-0.0063600628605455511,0.010057458502821536,-0.0012080739456401836
0.018548898814279909,0.006018464429964834,0.0032598899898855956,0.021889463837094759,0.021942071539383445,0.0018993523298621443
0.01596398988180597,0.0060203193479432286,-0.00010455193936593013,0.015004599564732921,0.0050703807817521884,0.017894206310523533
0.0093283416368753324,0.006439562854157678,-0.00049988145018409842,0.025057160356088334,0.011714233996374574,0.0076988559541387967
0.010209895793464445,0.0038594535864981067,0.0074391918014661308,-0.0081479863696708524,0.0061036286420927113,0.0054165156886231674
0.0087010943565328236,-9.8787324502757918e-05,0.0037902244840377335,-0.0069135450988612492,-0.0056108622102518189,0.016676362832064178
-0.0046138129027222079,-0.027297612308916898,0.0028915795239537853,-0.0083734701565643041,-0.010344980333811484,0.00091361903122996399
-0.0091124656612857,-0.017875748810900191,0.0032300907360480933,0.0026157967485174586,0.0028921230969573032,-0.00051301614402979041
0.011477142677177652,0.0095239970044163191,0.015444742379051165,-0.0034890952180637504,0.0084131899728594681,0.0096621501682238337
0.0095033551063313584,0.015972107017089079,0.016068739558326692,-0.0049016493326909097,0.0077082963880680706,0.0039856933612664371
0.018395319406511328,0.026831830306868552,0.02097120925378531,0.013708076415952744,0.023483092407125969,0.0088946300076064091
-0.0035877567899508739,0.014458257098271201,0.0043728766658177112,-0.0053003389915145518,-0.0050556238035643387,-0.005520750891832067
0.001044392954224568,0.0037134264648074791,-0.0036534875748271021,-0.0032642035501865034,0.01205086681191915,0.018898319042698453
0.014495097340947836,0.0043836385873376148,-0.0093929339818611367,-0.0019663215175785096,-0.0029042577401853396,0.012015213890360713
-0.0094073928759981565,-0.005178883076497184,0.010641357772355971,-0.0044398328474188004,0.00068903912343099938,0.0025685542224316948
-0.0058128005311164389,-0.010204734885139699,-0.0051378044472901166,-0.007018172848237773,-0.019284614709143267,-0.017024100688669972
-0.0036235357009484484,-0.010399519078257992,-0.012059640590863731,-0.0093627101081233781,-0.012024819489845798,-0.035872733861591857
-0.010283254753576146,-0.0063940366365969562,-0.0095958384757478879,-0.024840497181043565,-0.015138741719517644,-0.017561053589070067
-0.010389492728138838,-0.008055756467417614,0.0035328216189381861,-0.021531471836176354,-0.011901894422627625,-0.00057180450414383646
-0.030509105735333317,-0.0048076378653635673,-0.005852107735349831,-0.025106192959048139,-0.01982062838135774,-0.00048591776595788175
-0.017426007690942498,0.0053623076178660502,-0.0012457057682534554,-0.0061853825878837648,0.0019877587973343904,-0.0085829862092559536
0.013487706100633167,-0.01116596885621191,-0.0023600492799724353,-0.014535810244375461,0.0040656466567653383,-0.0033078353257276617
0.0010500570669550397,-0.0044483441087452835,0.0046632664448408422,-0.0061719426646133797,0.0080138345322831456,-0.0031905048335797281
0.0097025826267130057,0.0055491423931430667,0.012067647768148827,0.0077701547683182402,0.010067536267554179,-0.0031179929335456756
0.011928481194288684,0.0016766664096679947,-0.0025418593406292614,-0.0013119054111206301,0.012217808654385747,-0.013325811880752256
-0.0088003507571358768,-0.014427940710020721,-0.0018682197285023847,-0.0066685059407668185,0.0016968042930755141,-0.016179829189345442
-0.0010948347339387286,-0.0097165444190334301,-0.0036613476388653969,0.005610667053643683,0.0083923317620523772,-0.00769830749172613
0.0078060595884008929,-0.0016614968398360351,-0.0059681115109852878,0.017695070355091221,0.010686068017832036,0.0080930629976506199
0.00064470190842616472,0.0014668583834774949,-0.0053211484625349725,0.0023705118865851903,-0.0095006073356393682,0.0083621753339183959
-0.0010345965792507746,-0.0093565992731514721,0.0099032320437622851,-0.0034235172874967565,-0.0021890633406907232,0.0059142517867334524
0.014003776672869152,0.020313106381155129,0.017760651267502148,0.0038397586429727267,0.019404825639501303,0.029348702542084062
-6.6211366879500785e-05,0.015087235538187409,0.019876415452388992,-0.0032391257645784008,0.00082817043549845808,0.0082209370391987426
-0.0066229939083115811,0.0083981557151856425,0.0055094515858581765,-0.0063165852677611947,0.0042631576417299262,-0.010909083641356624
0.017910817888967645,0.015789558742156425,0.0061651376841015855,-0.0018514864953513188,0.0030282831745888257,0.0074352332992397747
