cell,group,n_obs,phi,k,rho,method,n_mc,reject_count,rate,ci_low,ci_high,selected_variance_ratio_mean
g01-k001-r00,1,200,0.0,1,0.0,oracle,64,2,0.03125,0.008612138346171874,0.10697291770958313,1.0
g01-k001-r00,1,200,0.0,1,0.0,bartlett,64,3,0.046875,0.016069016786292974,0.12899653740093686,0.9728751196170904
g01-k001-r00,1,200,0.0,1,0.0,tail_known_lrv,64,3,0.046875,0.016069016786292974,0.12899653740093686,0.9728751196170904
g01-k001-r00,1,200,0.0,1,0.0,tail_plugin_lrv,64,3,0.046875,0.016069016786292974,0.12899653740093686,0.974214294477512
g01-k001-r00,1,200,0.0,1,0.0,tail_known_finite,64,3,0.046875,0.016069016786292974,0.12899653740093686,0.9728751196170904
g01-k001-r00,1,200,0.0,1,0.0,tail_plugin_finite,64,3,0.046875,0.016069016786292974,0.12899653740093686,0.9741808094458255
g01-k001-r00,1,200,0.0,1,0.0,mean_unbiased_oracle,64,3,0.046875,0.016069016786292974,0.12899653740093686,0.997615996325975
g02-k001-r00,2,200,0.7,1,0.0,oracle,64,2,0.03125,0.008612138346171874,0.10697291770958313,1.0
g02-k001-r00,2,200,0.7,1,0.0,bartlett,64,8,0.125,0.06472242663330453,0.22774561821129946,0.4998691883403825
g02-k001-r00,2,200,0.7,1,0.0,tail_known_lrv,64,2,0.03125,0.008612138346171874,0.10697291770958313,0.9201387934350409
g02-k001-r00,2,200,0.7,1,0.0,tail_plugin_lrv,64,3,0.046875,0.016069016786292974,0.12899653740093686,0.9060340598077192
g02-k001-r00,2,200,0.7,1,0.0,tail_known_finite,64,2,0.03125,0.008612138346171874,0.10697291770958313,0.9075094374467172
g02-k001-r00,2,200,0.7,1,0.0,tail_plugin_finite,64,3,0.046875,0.016069016786292974,0.12899653740093686,0.8937723212639549
g02-k001-r00,2,200,0.7,1,0.0,mean_unbiased_oracle,64,2,0.03125,0.008612138346171874,0.10697291770958313,0.9562263392660977
g03-k001-r00,3,200,0.9,1,0.0,oracle,64,4,0.0625,0.024571201396618017,0.14997485092208662,1.0
g03-k001-r00,3,200,0.9,1,0.0,bartlett,64,8,0.125,0.06472242663330453,0.22774561821129946,0.19656425098800118
g03-k001-r00,3,200,0.9,1,0.0,tail_known_lrv,64,4,0.0625,0.024571201396618017,0.14997485092208662,0.8771809661624803
g03-k001-r00,3,200,0.9,1,0.0,tail_plugin_lrv,64,5,0.078125,0.03383117690855046,0.17019537354162906,0.801076058085427
g03-k001-r00,3,200,0.9,1,0.0,tail_known_finite,64,4,0.0625,0.024571201396618017,0.14997485092208662,0.835630288847256
g03-k001-r00,3,200,0.9,1,0.0,tail_plugin_finite,64,5,0.078125,0.03383117690855046,0.17019537354162906,0.7649048851008649
g03-k001-r00,3,200,0.9,1,0.0,mean_unbiased_oracle,64,4,0.0625,0.024571201396618017,0.14997485092208662,0.9425013143195278
g04-k001-r00,4,200,0.99,1,0.0,oracle,64,3,0.046875,0.016069016786292974,0.12899653740093686,1.0
g04-k001-r00,4,200,0.99,1,0.0,bartlett,64,30,0.46875,0.35175987425176036,0.5892791294852899,0.020978814129684727
g04-k001-r00,4,200,0.99,1,0.0,tail_known_lrv,64,7,0.109375,0.05400113344416797,0.20898641326896122,0.8484302818042947
g04-k001-r00,4,200,0.99,1,0.0,tail_plugin_lrv,64,12,0.1875,0.11064643172948806,0.29974360564101526,0.3587344583648886
g04-k001-r00,4,200,0.99,1,0.0,tail_known_finite,64,10,0.15625,0.08714842338206585,0.2642806177254878,0.4828974728478017
g04-k001-r00,4,200,0.99,1,0.0,tail_plugin_finite,64,13,0.203125,0.12273417819183653,0.3171363573101416,0.2766609911883726
g04-k001-r00,4,200,0.99,1,0.0,mean_unbiased_oracle,64,4,0.0625,0.024571201396618017,0.14997485092208662,1.1522199338554628
g05-k001-r00,5,512,0.9,1,0.0,oracle,64,4,0.0625,0.024571201396618017,0.14997485092208662,1.0
g05-k001-r00,5,512,0.9,1,0.0,bartlett,64,13,0.203125,0.12273417819183653,0.3171363573101416,0.2484212895355169
g05-k001-r00,5,512,0.9,1,0.0,tail_known_lrv,64,5,0.078125,0.03383117690855046,0.17019537354162906,0.9548421783276974
g05-k001-r00,5,512,0.9,1,0.0,tail_plugin_lrv,64,6,0.09375,0.04367825258519838,0.18982879599645597,0.9415436854895143
g05-k001-r00,5,512,0.9,1,0.0,tail_known_finite,64,5,0.078125,0.03383117690855046,0.17019537354162906,0.9371744571004166
g05-k001-r00,5,512,0.9,1,0.0,tail_plugin_finite,64,6,0.09375,0.04367825258519838,0.18982879599645597,0.9237097779930656
g05-k001-r00,5,512,0.9,1,0.0,mean_unbiased_oracle,64,5,0.078125,0.03383117690855046,0.17019537354162906,0.98398471860103
g05-k020-r00,5,512,0.9,20,0.0,oracle,64,5,0.078125,0.03383117690855046,0.17019537354162906,1.0
g05-k020-r00,5,512,0.9,20,0.0,bartlett,64,55,0.859375,0.7538371825842297,0.9242142744396914,0.22518099822836646
g05-k020-r00,5,512,0.9,20,0.0,tail_known_lrv,64,15,0.234375,0.1474989559392414,0.35133257582568644,0.8655148488617693
g05-k020-r00,5,512,0.9,20,0.0,tail_plugin_lrv,64,16,0.25,0.16014926530970577,0.36816276458669694,0.7072498156239091
g05-k020-r00,5,512,0.9,20,0.0,tail_known_finite,64,15,0.234375,0.1474989559392414,0.35133257582568644,0.849499977069508
g05-k020-r00,5,512,0.9,20,0.0,tail_plugin_finite,64,17,0.265625,0.17296379074222612,0.38482873728565137,0.70156233312621
g05-k020-r00,5,512,0.9,20,0.0,mean_unbiased_oracle,64,14,0.21875,0.13502319406719474,0.3343278395662582,0.8919310482218538
g05-k100-r00,5,512,0.9,100,0.0,oracle,64,3,0.046875,0.016069016786292974,0.12899653740093686,1.0
g05-k100-r00,5,512,0.9,100,0.0,bartlett,64,64,1.0,0.9433759402071946,1.0,0.21462969161007633
g05-k100-r00,5,512,0.9,100,0.0,tail_known_lrv,64,10,0.15625,0.08714842338206585,0.2642806177254878,0.8249594173428005
g05-k100-r00,5,512,0.9,100,0.0,tail_plugin_lrv,64,19,0.296875,0.19905151325539794,0.41770201103542925,0.6602933453938755
g05-k100-r00,5,512,0.9,100,0.0,tail_known_finite,64,11,0.171875,0.09877742301244645,0.282132116226582,0.8096949544396645
g05-k100-r00,5,512,0.9,100,0.0,tail_plugin_finite,64,19,0.296875,0.19905151325539794,0.41770201103542925,0.6501729844940336
g05-k100-r00,5,512,0.9,100,0.0,mean_unbiased_oracle,64,8,0.125,0.06472242663330453,0.22774561821129946,0.8501378327809244
g05-k020-r35,5,512,0.9,20,0.35,oracle,64,7,0.109375,0.05400113344416797,0.20898641326896122,1.0
g05-k020-r35,5,512,0.9,20,0.35,bartlett,64,41,0.640625,0.518208506097791,0.7471159770854825,0.22051445165976657
g05-k020-r35,5,512,0.9,20,0.35,tail_known_lrv,64,10,0.15625,0.08714842338206585,0.2642806177254878,0.8475783205587368
g05-k020-r35,5,512,0.9,20,0.35,tail_plugin_lrv,64,14,0.21875,0.13502319406719474,0.3343278395662582,0.7490377445263514
g05-k020-r35,5,512,0.9,20,0.35,tail_known_finite,64,10,0.15625,0.08714842338206585,0.2642806177254878,0.8318953335418193
g05-k020-r35,5,512,0.9,20,0.35,tail_plugin_finite,64,14,0.21875,0.13502319406719474,0.3343278395662582,0.7364986752562819
g05-k020-r35,5,512,0.9,20,0.35,mean_unbiased_oracle,64,10,0.15625,0.08714842338206585,0.2642806177254878,0.8734470828550854
g05-k100-r35,5,512,0.9,100,0.35,oracle,64,4,0.0625,0.024571201396618017,0.14997485092208662,1.0
g05-k100-r35,5,512,0.9,100,0.35,bartlett,64,47,0.734375,0.6151712627143486,0.8270362092577739,0.2290280555502714
g05-k100-r35,5,512,0.9,100,0.35,tail_known_lrv,64,8,0.125,0.06472242663330453,0.22774561821129946,0.8803015549458871
g05-k100-r35,5,512,0.9,100,0.35,tail_plugin_lrv,64,12,0.1875,0.11064643172948806,0.29974360564101526,0.6910706089405885
g05-k100-r35,5,512,0.9,100,0.35,tail_known_finite,64,8,0.125,0.06472242663330453,0.22774561821129946,0.8640130804505891
g05-k100-r35,5,512,0.9,100,0.35,tail_plugin_finite,64,13,0.203125,0.12273417819183653,0.3171363573101416,0.6800803914351312
g05-k100-r35,5,512,0.9,100,0.35,mean_unbiased_oracle,64,7,0.109375,0.05400113344416797,0.20898641326896122,0.9071690562984339
g06-k020-r35,6,256,0.9375,20,0.35,oracle,64,0,0.0,0.0,0.05662405979280534,1.0
g06-k020-r35,6,256,0.9375,20,0.35,bartlett,64,46,0.71875,0.5986606971779259,0.8140662766627217,0.11298031277717399
g06-k020-r35,6,256,0.9375,20,0.35,tail_known_lrv,64,7,0.109375,0.05400113344416797,0.20898641326896122,0.774375395982292
g06-k020-r35,6,256,0.9375,20,0.35,tail_plugin_lrv,64,14,0.21875,0.13502319406719474,0.3343278395662582,0.5391198465890613
g06-k020-r35,6,256,0.9375,20,0.35,tail_known_finite,64,7,0.109375,0.05400113344416797,0.20898641326896122,0.727538177578897
g06-k020-r35,6,256,0.9375,20,0.35,tail_plugin_finite,64,15,0.234375,0.1474989559392414,0.35133257582568644,0.5181968780256158
g06-k020-r35,6,256,0.9375,20,0.35,mean_unbiased_oracle,64,6,0.09375,0.04367825258519838,0.18982879599645597,0.8377431448477208
g07-k020-r35,7,1024,0.96875,20,0.35,oracle,64,2,0.03125,0.008612138346171874,0.10697291770958313,1.0
g07-k020-r35,7,1024,0.96875,20,0.35,bartlett,64,50,0.78125,0.6656721604337418,0.8649768059328052,0.09174625824026889
g07-k020-r35,7,1024,0.96875,20,0.35,tail_known_lrv,64,7,0.109375,0.05400113344416797,0.20898641326896122,0.8866343714134246
g07-k020-r35,7,1024,0.96875,20,0.35,tail_plugin_lrv,64,12,0.1875,0.11064643172948806,0.29974360564101526,0.7229609803930082
g07-k020-r35,7,1024,0.96875,20,0.35,tail_known_finite,64,8,0.125,0.06472242663330453,0.22774561821129946,0.8593668461020993
g07-k020-r35,7,1024,0.96875,20,0.35,tail_plugin_finite,64,12,0.1875,0.11064643172948806,0.29974360564101526,0.7026878498466451
g07-k020-r35,7,1024,0.96875,20,0.35,mean_unbiased_oracle,64,6,0.09375,0.04367825258519838,0.18982879599645597,0.9202560359158919
g08-k020-r35,8,2048,0.9779029130879204,20,0.35,oracle,64,3,0.046875,0.016069016786292974,0.12899653740093686,1.0
g08-k020-r35,8,2048,0.9779029130879204,20,0.35,bartlett,64,56,0.875,0.7722543817887005,0.9352775733666955,0.07515074085083362
g08-k020-r35,8,2048,0.9779029130879204,20,0.35,tail_known_lrv,64,5,0.078125,0.03383117690855046,0.17019537354162906,0.8908371763544364
g08-k020-r35,8,2048,0.9779029130879204,20,0.35,tail_plugin_lrv,64,10,0.15625,0.08714842338206585,0.2642806177254878,0.7332088254872754
g08-k020-r35,8,2048,0.9779029130879204,20,0.35,tail_known_finite,64,5,0.078125,0.03383117690855046,0.17019537354162906,0.8713721891773405
g08-k020-r35,8,2048,0.9779029130879204,20,0.35,tail_plugin_finite,64,10,0.15625,0.08714842338206585,0.2642806177254878,0.7190411575832083
g08-k020-r35,8,2048,0.9779029130879204,20,0.35,mean_unbiased_oracle,64,5,0.078125,0.03383117690855046,0.17019537354162906,0.9138975296976564
