phase,group,delta,method,reference,mode,n,method_only,reference_only,risk_difference,low,high,mcnemar_p
1,1,0.0,gls_known,uncertainty,reject,1000,47,0,0.047,0.0338761660687604,0.0601238339312396,1.4210854715202004e-14
1,1,0.0,gls_known,uncertainty,signal_reject,1000,0,0,0.0,0.0,0.0,1.0
1,1,0.0,gls_known_budget,uncertainty,reject,1000,41,0,0.041,0.02870392286606221,0.05329607713393779,9.094947017729282e-13
1,1,0.0,gls_known_budget,uncertainty,signal_reject,1000,0,0,0.0,0.0,0.0,1.0
1,2,0.0,gls_known,uncertainty,reject,1000,44,0,0.044,0.03128194697658579,0.056718053023414206,1.1368683772161603e-13
1,2,0.0,gls_known,uncertainty,signal_reject,1000,0,0,0.0,0.0,0.0,1.0
1,2,0.0,gls_known_budget,uncertainty,reject,1000,41,0,0.041,0.02870392286606221,0.05329607713393779,9.094947017729282e-13
1,2,0.0,gls_known_budget,uncertainty,signal_reject,1000,0,0,0.0,0.0,0.0,1.0
1,3,0.0,gls_known,uncertainty,reject,1000,44,0,0.044,0.03128194697658579,0.056718053023414206,1.1368683772161603e-13
1,3,0.0,gls_known,uncertainty,signal_reject,1000,0,0,0.0,0.0,0.0,1.0
1,3,0.0,gls_known_budget,uncertainty,reject,1000,42,0,0.042,0.029561364352703047,0.05443863564729696,4.547473508864641e-13
1,3,0.0,gls_known_budget,uncertainty,signal_reject,1000,0,0,0.0,0.0,0.0,1.0
1,4,0.0,gls_known,uncertainty,reject,1000,33,0,0.033,0.021922658264407903,0.0440773417355921,2.3283064365386963e-10
1,4,0.0,gls_known,uncertainty,signal_reject,1000,0,0,0.0,0.0,0.0,1.0
1,4,0.0,gls_known_budget,uncertainty,reject,1000,29,0,0.029,0.018594236267780694,0.03940576373221931,3.725290298461914e-09
1,4,0.0,gls_known_budget,uncertainty,signal_reject,1000,0,0,0.0,0.0,0.0,1.0
1,5,0.0,gls_known,uncertainty,reject,1000,34,0,0.034,0.022761887672943182,0.04523811232705682,1.1641532182693481e-10
1,5,0.0,gls_known,uncertainty,signal_reject,1000,0,0,0.0,0.0,0.0,1.0
1,5,0.0,gls_known_budget,uncertainty,reject,1000,29,0,0.029,0.018594236267780694,0.03940576373221931,3.725290298461914e-09
1,5,0.0,gls_known_budget,uncertainty,signal_reject,1000,0,0,0.0,0.0,0.0,1.0
1,6,0.0,gls_known,uncertainty,reject,1000,52,0,0.052,0.03823198953599089,0.06576801046400911,4.440892098500626e-16
1,6,0.0,gls_known,uncertainty,signal_reject,1000,0,0,0.0,0.0,0.0,1.0
1,6,0.0,gls_known_budget,uncertainty,reject,1000,45,0,0.045,0.03214496422548404,0.05785503577451596,5.684341886080802e-14
1,6,0.0,gls_known_budget,uncertainty,signal_reject,1000,0,0,0.0,0.0,0.0,1.0
1,7,0.0,gls_known,uncertainty,reject,1000,38,0,0.038,0.026143822808895205,0.04985617719110479,7.275957614183426e-12
1,7,0.0,gls_known,uncertainty,signal_reject,1000,0,0,0.0,0.0,0.0,1.0
1,7,0.0,gls_known_budget,uncertainty,reject,1000,37,0,0.037,0.02529478615012027,0.048705213849879726,1.4551915228366852e-11
1,7,0.0,gls_known_budget,uncertainty,signal_reject,1000,0,0,0.0,0.0,0.0,1.0
2,2,1.0,gls_known,uncertainty,reject,1000,62,0,0.062,0.04704581975891162,0.07695418024108838,4.336808689942018e-19
2,2,1.0,gls_known,uncertainty,signal_reject,1000,36,0,0.036,0.02444805495391753,0.04755194504608247,2.9103830456733704e-11
2,2,1.0,gls_known_budget,uncertainty,reject,1000,58,0,0.058,0.04350544805233372,0.07249455194766628,6.938893903907228e-18
2,2,1.0,gls_known_budget,uncertainty,signal_reject,1000,32,0,0.032,0.021086149141096668,0.042913850858903334,4.656612873077393e-10
2,2,2.0,gls_known,uncertainty,reject,1000,211,0,0.211,0.1856985694990244,0.23630143050097557,6.077163357286271e-64
2,2,2.0,gls_known,uncertainty,signal_reject,1000,196,0,0.196,0.17138377760082926,0.22061622239917075,1.9913648889155653e-59
2,2,2.0,gls_known_budget,uncertainty,reject,1000,203,0,0.203,0.17805735379598736,0.22794264620401267,1.5557538194652854e-61
2,2,2.0,gls_known_budget,uncertainty,signal_reject,1000,188,0,0.188,0.16377173661860328,0.21222826338139672,5.0978941156238473e-57
2,2,3.0,gls_known,uncertainty,reject,1000,562,0,0.562,0.5312340337036381,0.592765966296362,1.3248674568444952e-169
2,2,3.0,gls_known,uncertainty,signal_reject,1000,555,0,0.555,0.5241828945838987,0.5858171054161014,1.695830344760954e-167
2,2,3.0,gls_known_budget,uncertainty,reject,1000,546,0,0.546,0.5151262349611103,0.5768737650388898,8.682651365176084e-165
2,2,3.0,gls_known_budget,uncertainty,signal_reject,1000,539,0,0.539,0.5080892037690578,0.5699107962309423,1.1113793747425387e-162
2,2,6.0,gls_known,uncertainty,reject,1000,882,0,0.882,0.8619949038469036,0.9020050961530964,6.20260064581006e-266
2,2,6.0,gls_known,uncertainty,signal_reject,1000,882,0,0.882,0.8619949038469036,0.9020050961530964,6.20260064581006e-266
2,2,6.0,gls_known_budget,uncertainty,reject,1000,882,0,0.882,0.8619949038469036,0.9020050961530964,6.20260064581006e-266
2,2,6.0,gls_known_budget,uncertainty,signal_reject,1000,882,0,0.882,0.8619949038469036,0.9020050961530964,6.20260064581006e-266
2,3,1.0,gls_known,uncertainty,reject,1000,56,0,0.056,0.04174243508678928,0.07025756491321072,2.7755575615628914e-17
2,3,1.0,gls_known,uncertainty,signal_reject,1000,29,0,0.029,0.018594236267780694,0.03940576373221931,3.725290298461914e-09
2,3,1.0,gls_known_budget,uncertainty,reject,1000,55,0,0.055,0.04086282624116639,0.06913717375883362,5.551115123125783e-17
2,3,1.0,gls_known_budget,uncertainty,signal_reject,1000,29,0,0.029,0.018594236267780694,0.03940576373221931,3.725290298461914e-09
2,3,2.0,gls_known,uncertainty,reject,1000,208,0,0.208,0.182831368326702,0.233168631673298,4.861730685829017e-63
2,3,2.0,gls_known,uncertainty,signal_reject,1000,195,0,0.195,0.17043138964057145,0.21956861035942857,3.982729777831131e-59
2,3,2.0,gls_known_budget,uncertainty,reject,1000,202,0,0.202,0.1771032603800361,0.22689673961996393,3.111507638930571e-61
2,3,2.0,gls_known_budget,uncertainty,signal_reject,1000,188,0,0.188,0.16377173661860328,0.21222826338139672,5.0978941156238473e-57
2,3,3.0,gls_known,uncertainty,reject,1000,580,0,0.58,0.5493941821738767,0.6106058178261232,5.053968264940244e-175
2,3,3.0,gls_known,uncertainty,signal_reject,1000,578,0,0.578,0.5473743375433398,0.6086256624566602,2.0215873059760975e-174
2,3,3.0,gls_known_budget,uncertainty,reject,1000,565,0,0.565,0.534257852689226,0.5957421473107739,1.656084321055619e-170
2,3,3.0,gls_known_budget,uncertainty,signal_reject,1000,563,0,0.563,0.532241846298367,0.5937581537016329,6.624337284222476e-170
2,3,6.0,gls_known,uncertainty,reject,1000,879,0,0.879,0.8587766792684387,0.8992233207315613,4.962080516648048e-265
2,3,6.0,gls_known,uncertainty,signal_reject,1000,879,0,0.879,0.8587766792684387,0.8992233207315613,4.962080516648048e-265
2,3,6.0,gls_known_budget,uncertainty,reject,1000,879,0,0.879,0.8587766792684387,0.8992233207315613,4.962080516648048e-265
2,3,6.0,gls_known_budget,uncertainty,signal_reject,1000,879,0,0.879,0.8587766792684387,0.8992233207315613,4.962080516648048e-265
2,5,1.0,gls_known,uncertainty,reject,1000,70,0,0.07,0.05417820179228356,0.08582179820771646,1.6940658945086007e-21
2,5,1.0,gls_known,uncertainty,signal_reject,1000,41,0,0.041,0.02870392286606221,0.05329607713393779,9.094947017729282e-13
2,5,1.0,gls_known_budget,uncertainty,reject,1000,67,1,0.066,0.050356134246294385,0.08164386575370562,4.675621868843738e-19
2,5,1.0,gls_known_budget,uncertainty,signal_reject,1000,40,0,0.04,0.027848470121295862,0.05215152987870414,1.8189894035458565e-12
2,5,2.0,gls_known,uncertainty,reject,1000,231,0,0.231,0.20486427771366028,0.25713572228633974,5.795634610449096e-70
2,5,2.0,gls_known,uncertainty,signal_reject,1000,213,0,0.213,0.18761118010329175,0.23838881989670824,1.5192908393215678e-64
2,5,2.0,gls_known_budget,uncertainty,reject,1000,220,0,0.22,0.19431237286515365,0.24568762713484635,1.1869459682199748e-66
2,5,2.0,gls_known_budget,uncertainty,signal_reject,1000,204,0,0.204,0.1790116854308946,0.22898831456910537,7.778769097326427e-62
2,5,3.0,gls_known,uncertainty,reject,1000,590,0,0.59,0.5595011628452222,0.6204988371547777,4.935515883730707e-178
2,5,3.0,gls_known,uncertainty,signal_reject,1000,586,0,0.586,0.5554568148043213,0.6165431851956786,7.896825413969131e-177
2,5,3.0,gls_known_budget,uncertainty,reject,1000,572,1,0.571,0.5401838928259731,0.6018161071740268,3.713251563616896e-170
2,5,3.0,gls_known_budget,uncertainty,signal_reject,1000,569,1,0.568,0.5371578866939835,0.5988421133060164,2.95507546038362e-169
2,5,6.0,gls_known,uncertainty,reject,1000,911,0,0.911,0.8933428934098426,0.9286571065901574,1.155324400553491e-274
2,5,6.0,gls_known,uncertainty,signal_reject,1000,911,0,0.911,0.8933428934098426,0.9286571065901574,1.155324400553491e-274
2,5,6.0,gls_known_budget,uncertainty,reject,1000,911,0,0.911,0.8933428934098426,0.9286571065901574,1.155324400553491e-274
2,5,6.0,gls_known_budget,uncertainty,signal_reject,1000,911,0,0.911,0.8933428934098426,0.9286571065901574,1.155324400553491e-274
2,6,1.0,gls_known,uncertainty,reject,1000,282,3,0.279,0.2507760853673109,0.30722391463268917,1.241341877481298e-79
2,6,1.0,gls_known,uncertainty,signal_reject,1000,282,3,0.279,0.2507760853673109,0.30722391463268917,1.241341877481298e-79
2,6,1.0,gls_known_budget,uncertainty,reject,1000,268,3,0.265,0.23721437537753595,0.29278562462246405,1.7485879871726967e-75
2,6,1.0,gls_known_budget,uncertainty,signal_reject,1000,268,3,0.265,0.23721437537753595,0.29278562462246405,1.7485879871726967e-75
2,6,2.0,gls_known,uncertainty,reject,1000,684,0,0.684,0.6551705113684821,0.712829488631518,2.491798737774392e-206
2,6,2.0,gls_known,uncertainty,signal_reject,1000,684,0,0.684,0.6551705113684821,0.712829488631518,2.491798737774392e-206
2,6,2.0,gls_known_budget,uncertainty,reject,1000,666,0,0.666,0.6367533791568808,0.6952466208431193,6.532100883151302e-201
2,6,2.0,gls_known_budget,uncertainty,signal_reject,1000,666,0,0.666,0.6367533791568808,0.6952466208431193,6.532100883151302e-201
2,6,3.0,gls_known,uncertainty,reject,1000,935,0,0.935,0.9197128041097834,0.9502871958902167,6.886270049533194e-282
2,6,3.0,gls_known,uncertainty,signal_reject,1000,935,0,0.935,0.9197128041097834,0.9502871958902167,6.886270049533194e-282
2,6,3.0,gls_known_budget,uncertainty,reject,1000,926,0,0.926,0.9097674518374632,0.9422325481625369,3.5257702653609953e-279
2,6,3.0,gls_known_budget,uncertainty,signal_reject,1000,926,0,0.926,0.9097674518374632,0.9422325481625369,3.5257702653609953e-279
2,6,6.0,gls_known,uncertainty,reject,1000,995,0,0.995,0.9906261700969319,0.9993738299030681,5.972887158420601e-300
2,6,6.0,gls_known,uncertainty,signal_reject,1000,995,0,0.995,0.9906261700969319,0.9993738299030681,5.972887158420601e-300
2,6,6.0,gls_known_budget,uncertainty,reject,1000,995,0,0.995,0.9906261700969319,0.9993738299030681,5.972887158420601e-300
2,6,6.0,gls_known_budget,uncertainty,signal_reject,1000,995,0,0.995,0.9906261700969319,0.9993738299030681,5.972887158420601e-300
3,3,3.0,gls_known,uncertainty,reject,1000,936,0,0.936,0.920822744046003,0.9511772559539972,3.443135024766597e-282
3,3,3.0,gls_known,uncertainty,signal_reject,1000,936,0,0.936,0.920822744046003,0.9511772559539972,3.443135024766597e-282
3,3,3.0,gls_known_budget,uncertainty,reject,1000,933,0,0.933,0.9174960067677214,0.9485039932322787,2.7545080198132776e-281
3,3,3.0,gls_known_budget,uncertainty,signal_reject,1000,933,0,0.933,0.9174960067677214,0.9485039932322787,2.7545080198132776e-281
3,4,3.0,gls_known,uncertainty,reject,1000,960,0,0.96,0.9478484701212958,0.9721515298787041,2.0522684006491881e-289
3,4,3.0,gls_known,uncertainty,signal_reject,1000,960,0,0.96,0.9478484701212958,0.9721515298787041,2.0522684006491881e-289
3,4,3.0,gls_known_budget,uncertainty,reject,1000,959,0,0.959,0.9467039228660622,0.9712960771339377,4.1045368012983762e-289
3,4,3.0,gls_known_budget,uncertainty,signal_reject,1000,959,0,0.959,0.9467039228660622,0.9712960771339377,4.1045368012983762e-289
3,7,3.0,gls_known,uncertainty,reject,1000,912,0,0.912,0.8944327370418311,0.9295672629581689,5.776622002767455e-275
3,7,3.0,gls_known,uncertainty,signal_reject,1000,891,0,0.891,0.8716750914284629,0.9103249085715371,1.2114454386347773e-268
3,7,3.0,gls_known_budget,uncertainty,reject,1000,903,0,0.903,0.8846475060660139,0.9213524939339861,2.957630465416937e-272
3,7,3.0,gls_known_budget,uncertainty,signal_reject,1000,884,0,0.884,0.864142687337522,0.903857312662478,1.550650161452515e-266
