stage,process,n_obs,n_strategies,phi,cross_corr,delta,method,hac_lags,block_length,n_mc,n_bootstrap,reject_count,rate,ci_low,ci_high,alpha,size_upper_simultaneous
sensitivity,gaussian_ar,512,1,0.8,0.35,0,iid,5,8.0,1000,999,285,0.285,0.25788577698507104,0.3137597291637176,0.05,
sensitivity,gaussian_ar,512,1,0.8,0.35,0,hac,5,8.0,1000,999,134,0.134,0.11428107599412643,0.15652011121729995,0.05,
sensitivity,gaussian_ar,512,1,0.8,0.35,0,fixed,5,8.0,1000,999,104,0.104,0.08657102809826807,0.12445976462229157,0.05,
sensitivity,gaussian_ar,512,1,0.8,0.35,0,resampled,5,8.0,1000,999,81,0.081,0.0656496215412003,0.0995572020696949,0.05,
sensitivity,gaussian_ar,512,1,0.8,0.35,0,oracle,5,8.0,1000,999,54,0.054,0.04162131372306273,0.06979215484605245,0.05,
sensitivity,gaussian_ar,512,1,0.8,0.35,0,iid,5,16.0,1000,999,285,0.285,0.25788577698507104,0.3137597291637176,0.05,
sensitivity,gaussian_ar,512,1,0.8,0.35,0,hac,5,16.0,1000,999,134,0.134,0.11428107599412643,0.15652011121729995,0.05,
sensitivity,gaussian_ar,512,1,0.8,0.35,0,fixed,5,16.0,1000,999,87,0.087,0.071074421452375,0.10608648105669352,0.05,
sensitivity,gaussian_ar,512,1,0.8,0.35,0,resampled,5,16.0,1000,999,69,0.069,0.054883945585911253,0.08641472022863728,0.05,
sensitivity,gaussian_ar,512,1,0.8,0.35,0,oracle,5,16.0,1000,999,54,0.054,0.04162131372306273,0.06979215484605245,0.05,
sensitivity,gaussian_ar,512,1,0.8,0.35,0,iid,5,32.0,1000,999,285,0.285,0.25788577698507104,0.3137597291637176,0.05,
sensitivity,gaussian_ar,512,1,0.8,0.35,0,hac,5,32.0,1000,999,134,0.134,0.11428107599412643,0.15652011121729995,0.05,
sensitivity,gaussian_ar,512,1,0.8,0.35,0,fixed,5,32.0,1000,999,83,0.083,0.06745502144289929,0.10173649513405368,0.05,
sensitivity,gaussian_ar,512,1,0.8,0.35,0,resampled,5,32.0,1000,999,73,0.073,0.05845902621241335,0.0908090255342507,0.05,
sensitivity,gaussian_ar,512,1,0.8,0.35,0,oracle,5,32.0,1000,999,54,0.054,0.04162131372306273,0.06979215484605245,0.05,
sensitivity,gaussian_ar,512,1,0.8,0.35,0,iid,5,64.0,1000,999,285,0.285,0.25788577698507104,0.3137597291637176,0.05,
sensitivity,gaussian_ar,512,1,0.8,0.35,0,hac,5,64.0,1000,999,134,0.134,0.11428107599412643,0.15652011121729995,0.05,
sensitivity,gaussian_ar,512,1,0.8,0.35,0,fixed,5,64.0,1000,999,92,0.092,0.07561389956796885,0.11150873535624412,0.05,
sensitivity,gaussian_ar,512,1,0.8,0.35,0,resampled,5,64.0,1000,999,86,0.086,0.07016852477576035,0.10500003125027926,0.05,
sensitivity,gaussian_ar,512,1,0.8,0.35,0,oracle,5,64.0,1000,999,54,0.054,0.04162131372306273,0.06979215484605245,0.05,
sensitivity,gaussian_ar,512,50,0.5,0.35,0,iid,5,8.0,1000,999,892,0.892,0.8712410199098767,0.9097588014374481,0.05,
sensitivity,gaussian_ar,512,50,0.5,0.35,0,hac,5,8.0,1000,999,705,0.705,0.6759934395775895,0.7324375894433328,0.05,
sensitivity,gaussian_ar,512,50,0.5,0.35,0,fixed,5,8.0,1000,999,131,0.131,0.11149250620200898,0.15333164156033072,0.05,
sensitivity,gaussian_ar,512,50,0.5,0.35,0,resampled,5,8.0,1000,999,72,0.072,0.05756392168091441,0.08971178358272076,0.05,
sensitivity,gaussian_ar,512,50,0.5,0.35,0,oracle,5,8.0,1000,999,56,0.056,0.043374813385442,0.07202334814973096,0.05,
sensitivity,gaussian_ar,512,50,0.5,0.35,0,iid,5,16.0,1000,999,892,0.892,0.8712410199098767,0.9097588014374481,0.05,
sensitivity,gaussian_ar,512,50,0.5,0.35,0,hac,5,16.0,1000,999,705,0.705,0.6759934395775895,0.7324375894433328,0.05,
sensitivity,gaussian_ar,512,50,0.5,0.35,0,fixed,5,16.0,1000,999,111,0.111,0.09299921045824965,0.13197800764351225,0.05,
sensitivity,gaussian_ar,512,50,0.5,0.35,0,resampled,5,16.0,1000,999,71,0.071,0.056669695350451466,0.08861366343015481,0.05,
sensitivity,gaussian_ar,512,50,0.5,0.35,0,oracle,5,16.0,1000,999,56,0.056,0.043374813385442,0.07202334814973096,0.05,
sensitivity,gaussian_ar,512,50,0.5,0.35,0,iid,5,32.0,1000,999,892,0.892,0.8712410199098767,0.9097588014374481,0.05,
sensitivity,gaussian_ar,512,50,0.5,0.35,0,hac,5,32.0,1000,999,705,0.705,0.6759934395775895,0.7324375894433328,0.05,
sensitivity,gaussian_ar,512,50,0.5,0.35,0,fixed,5,32.0,1000,999,107,0.107,0.08932287430802001,0.12768495786162629,0.05,
sensitivity,gaussian_ar,512,50,0.5,0.35,0,resampled,5,32.0,1000,999,72,0.072,0.05756392168091441,0.08971178358272076,0.05,
sensitivity,gaussian_ar,512,50,0.5,0.35,0,oracle,5,32.0,1000,999,56,0.056,0.043374813385442,0.07202334814973096,0.05,
sensitivity,gaussian_ar,512,50,0.5,0.35,0,iid,5,64.0,1000,999,892,0.892,0.8712410199098767,0.9097588014374481,0.05,
sensitivity,gaussian_ar,512,50,0.5,0.35,0,hac,5,64.0,1000,999,705,0.705,0.6759934395775895,0.7324375894433328,0.05,
sensitivity,gaussian_ar,512,50,0.5,0.35,0,fixed,5,64.0,1000,999,135,0.135,0.11521137849166019,0.15758215520279512,0.05,
sensitivity,gaussian_ar,512,50,0.5,0.35,0,resampled,5,64.0,1000,999,90,0.09,0.07379614931508309,0.1093417926430721,0.05,
sensitivity,gaussian_ar,512,50,0.5,0.35,0,oracle,5,64.0,1000,999,56,0.056,0.043374813385442,0.07202334814973096,0.05,
