stage,process,n_obs,n_strategies,phi,cross_corr,block_length,n_mc,true_mean_variance,hac_ratio_median,hac_ratio_p10,hac_ratio_p90,bootstrap_ratio_median,bootstrap_ratio_p10,bootstrap_ratio_p90
dependence,gaussian_ar,512,1,0.0,0.35,16.0,2000,1.9531250000000006e-07,0.9812133412443309,0.8292622196250008,1.1444971811697175,0.91370373856603,0.6699445359907331,1.2358709817107367
dependence,gaussian_ar,512,1,0.2,0.35,16.0,2000,2.927303314208985e-07,0.9148922411591882,0.7670505358423171,1.0720384274149795,0.8847644142147661,0.6528379610383757,1.2279350670285047
dependence,gaussian_ar,512,1,0.4,0.35,16.0,2000,4.548814561631945e-07,0.8208287329010457,0.6871403019254296,0.9853173829096862,0.8529902190566541,0.6136716674937713,1.1673340414761084
dependence,gaussian_ar,512,1,0.6,0.35,16.0,2000,7.783889770507815e-07,0.6852891519821327,0.5649507662762328,0.8309489787656428,0.7984284634225332,0.5598064875368584,1.105295981928264
dependence,gaussian_ar,512,1,0.8,0.35,16.0,2000,1.7425537109375004e-06,0.43973722517952396,0.34744938225697947,0.5496360248377097,0.6890574385384212,0.4654961022812055,1.0091223043773523
selection,gaussian_ar,512,50,0.5,0.35,16.0,2000,5.844116210937499e-07,0.7645707520212577,0.7131755709661456,0.824406063370137,0.8354347051461036,0.7389216002998689,0.948679147449385
process,gaussian_ar,512,20,0.5,0.35,16.0,2000,5.844116210937499e-07,0.763459241171502,0.705375076572618,0.8317701149532085,0.8322624723969629,0.7264925857669741,0.9663443215432777
holdout,gaussian_ar,256,10,0.7,0.0,13.0,1000,2.1898057725694437e-06,0.5163410863345008,0.46170995635537065,0.5736692196332657,0.6776936456108081,0.5669431474930736,0.8075951455937194
holdout,gaussian_ar,1024,10,0.7,0.8,21.0,1000,5.519019232855901e-07,0.6310454043893541,0.5499002156796671,0.7229966321034239,0.8223247391791982,0.6429603570415227,1.0428478763127607
holdout,gaussian_ar,2048,10,0.9,0.35,26.0,1000,9.23442840576172e-07,0.32205178266451484,0.29900932125764673,0.34824229307845866,0.6938303645774433,0.6101204117839356,0.7920797595936887
holdout,gaussian_ar,512,10,-0.4,0.35,16.0,1000,8.386105907206632e-08,1.1419012743942292,1.0621008525529743,1.2235899079490697,0.9706675248183625,0.8471587747760677,1.1253729714430927
sensitivity,gaussian_ar,512,1,0.8,0.35,8.0,1000,1.7425537109375004e-06,0.437239822082376,0.35142074730037726,0.5496656123229069,0.5825545485327104,0.43630146646211615,0.783373872569944
sensitivity,gaussian_ar,512,1,0.8,0.35,16.0,1000,1.7425537109375004e-06,0.437239822082376,0.35142074730037726,0.5496656123229069,0.6856143310051007,0.47453532963971584,1.0048637264565121
sensitivity,gaussian_ar,512,1,0.8,0.35,32.0,1000,1.7425537109375004e-06,0.437239822082376,0.35142074730037726,0.5496656123229069,0.7093348996801069,0.435943502156245,1.1773472025500415
sensitivity,gaussian_ar,512,1,0.8,0.35,64.0,1000,1.7425537109375004e-06,0.437239822082376,0.35142074730037726,0.5496656123229069,0.6426212906492474,0.3550098250912051,1.193672638093394
sensitivity,gaussian_ar,512,50,0.5,0.35,8.0,1000,5.844116210937499e-07,0.7624796504669389,0.7117641910622085,0.8194165789708516,0.8038307603096124,0.7368812958782998,0.8856895422306997
sensitivity,gaussian_ar,512,50,0.5,0.35,16.0,1000,5.844116210937499e-07,0.7624796504669389,0.7117641910622085,0.8194165789708516,0.8279504882925908,0.7403874063774829,0.9454850310039571
sensitivity,gaussian_ar,512,50,0.5,0.35,32.0,1000,5.844116210937499e-07,0.7624796504669389,0.7117641910622085,0.8194165789708516,0.7811419806251252,0.677880584898287,0.9363130325912293
sensitivity,gaussian_ar,512,50,0.5,0.35,64.0,1000,5.844116210937499e-07,0.7624796504669389,0.7117641910622085,0.8194165789708516,0.671978719240906,0.5631849930304635,0.8625452599316403
